id,email,name,city,phone,Android,Iphone,Desktop
1,Jamie.Bright@example.com,Jamie Bright,"Montreal, Canada",533-849-3913,1,0,0
2,Arabella.Knox@example.com,Arabella Knox,"Los Angeles, USA",652-272-9539,1,1,0
3,Yusra.Fletcher@example.com,Yusra Fletcher,"Toronto, Canada",385-702-8874,1,1,1
4,Esme.Nielsen@example.com,Esme Nielsen,"Los Angeles, USA",621-797-5367,1,1,0
6,Dean.Lewis@example.com,Dean Lewis,"San Diego, USA",243-955-3782,1,1,1
7,Inaaya.Velasquez@example.com,Inaaya Velasquez,"Los Angeles, USA",489-241-7631,1,1,1
8,Tasnim.Cobb@example.com,Tasnim Cobb,"San Diego, USA",262-380-8877,0,0,1
9,Asa.Vazquez@example.com,Asa Vazquez,"Toronto, Canada",504-421-4485,1,0,0
10,Keith.Donovan@example.com,Keith Donovan,"Chicago, USA",549-515-6738,0,1,1
11,Moshe.Colon@example.com,Moshe Colon,"New York, USA",131-622-5442,0,1,1
12,Hussain.Santos@example.com,Hussain Santos,"San Diego, USA",379-352-6285,0,1,1
13,Lillian.Hanna@example.com,Lillian Hanna,"Los Angeles, USA",488-762-8236,0,1,0
14,Harvey.Guerrero@example.com,Harvey Guerrero,"Chicago, USA",597-677-6862,0,1,0
15,Leroy.Barrera@example.com,Leroy Barrera,"New York, USA",659-190-9378,1,1,1
16,Zack.Griffin@example.com,Zack Griffin,"San Diego, USA",467-370-7724,0,0,1
17,Adele.Garza@example.com,Adele Garza,"New York, USA",429-916-1662,1,1,1
18,Sandra.Cherry@example.com,Sandra Cherry,"San Francisco, USA",218-605-4170,0,0,1
19,Carmen.Burton@example.com,Carmen Burton,"Toronto, Canada",527-368-7429,1,0,1
20,Donald.Stone@example.com,Donald Stone,"London, United Kingdom",730-260-4630,1,0,1
21,Clifford.Mcgee@example.com,Clifford Mcgee,"San Francisco, USA",715-116-6302,1,1,0
22,Gerald.Maldonado@example.com,Gerald Maldonado,"San Francisco, USA",660-116-3336,1,0,0
23,Danielle.Glenn@example.com,Danielle Glenn,"San Francisco, USA",727-709-3351,1,1,1
25,Alina.Mccoy@example.com,Alina Mccoy,"San Francisco, USA",495-292-8149,0,1,1
27,Frazer.Anthony@example.com,Frazer Anthony,"New York, USA",139-396-1336,0,1,1
28,Cassie.Molina@example.com,Cassie Molina,"San Francisco, USA",811-806-5304,1,0,1
30,Stephanie.Rice@example.com,Stephanie Rice,"Montreal, Canada",830-901-9870,1,0,0
31,Bradley.Butler@example.com,Bradley Butler,"Montreal, Canada",937-172-2269,0,1,0
32,Alejandro.Brandt@example.com,Alejandro Brandt,"New York, USA",334-279-1420,1,1,1
34,Livia.Howe@example.com,Livia Howe,"Toronto, Canada",868-828-4315,0,1,0
35,Linda.Combs@example.com,Linda Combs,"Los Angeles, USA",742-395-8995,1,1,1
36,Dominik.Odling@example.com,Dominik Odling,"Los Angeles, USA",365-145-3897,1,0,1
37,Lili.Schroeder@example.com,Lili Schroeder,"Toronto, Canada",640-348-2128,1,1,0
38,Jeremiah.Martin@example.com,Jeremiah Martin,"London, United Kingdom",277-350-5557,1,0,0
40,Clara.Bird@example.com,Clara Bird,"San Francisco, USA",958-605-3200,1,0,0
41,Cody.Riley@example.com,Cody Riley,"London, United Kingdom",872-906-9681,1,1,1
42,Tomas.Griffith@example.com,Tomas Griffith,"London, United Kingdom",492-337-4468,0,1,0
43,Elena.Pineda@example.com,Elena Pineda,"Los Angeles, USA",617-226-9486,1,1,1
44,Diana.Davenport@example.com,Diana Davenport,"Los Angeles, USA",505-179-8348,0,1,1
45,Cordelia.Houston@example.com,Cordelia Houston,"San Francisco, USA",946-560-7738,1,1,0
46,Abubakar.House@example.com,Abubakar House,"San Diego, USA",713-179-2294,0,0,1
47,Celia.Terry@example.com,Celia Terry,"New York, USA",986-149-3342,0,1,1
48,Esther.Mccall@example.com,Esther Mccall,"Los Angeles, USA",573-696-6671,1,0,1
49,Idris.Proctor@example.com,Idris Proctor,"San Diego, USA",584-182-6496,1,0,1
50,Bruno.Noble@example.com,Bruno Noble,"San Diego, USA",639-790-8394,0,1,0
51,Herman.Munoz@example.com,Herman Munoz,"Los Angeles, USA",689-881-9382,1,0,1
52,Amaan.Rangel@example.com,Amaan Rangel,"Montreal, Canada",837-435-2302,1,1,0
53,Prince.Thompson@example.com,Prince Thompson,"Chicago, USA",115-215-7565,0,0,1
54,Bethany.Santana@example.com,Bethany Santana,"New York, USA",924-146-4189,0,1,0
55,Ernest.Martinez@example.com,Ernest Martinez,"San Diego, USA",448-597-4211,1,0,1
56,Susannah.O'Doherty@example.com,Susannah O'Doherty,"Chicago, USA",981-489-3689,1,1,1
57,Billie.Price@example.com,Billie Price,"London, United Kingdom",917-866-8131,0,0,1
58,Orlando.Pitts@example.com,Orlando Pitts,"Los Angeles, USA",427-711-9658,0,1,0
59,Phoebe.Weiss@example.com,Phoebe Weiss,"London, United Kingdom",299-560-9666,1,0,1
60,Juanita.Baldwin@example.com,Juanita Baldwin,"San Diego, USA",989-786-8538,1,1,1
61,Honor.Jacobson@example.com,Honor Jacobson,"San Francisco, USA",624-535-4606,1,0,1
62,Ty.Mcintyre@example.com,Ty Mcintyre,"San Francisco, USA",743-856-9854,1,1,0
63,Johnathan.Berger@example.com,Johnathan Berger,"San Diego, USA",545-458-1679,0,1,1
64,Jason.Snyder@example.com,Jason Snyder,"San Francisco, USA",202-632-2346,1,0,0
65,Aled.Silva@example.com,Aled Silva,"Toronto, Canada",612-360-5367,0,1,0
66,Aisha.Webb@example.com,Aisha Webb,"San Francisco, USA",447-728-9592,1,0,1
67,Dewi.Keith@example.com,Dewi Keith,"Chicago, USA",816-321-4054,1,1,0
69,Saoirse.Keller@example.com,Saoirse Keller,"San Francisco, USA",699-966-4749,1,1,1
70,Valerie.Oneal@example.com,Valerie Oneal,"Toronto, Canada",651-335-6190,1,1,1
71,Ilyas.Dunlap@example.com,Ilyas Dunlap,"London, United Kingdom",491-981-1293,0,1,0
72,Kingsley.Moyer@example.com,Kingsley Moyer,"San Francisco, USA",927-708-1141,1,0,1
74,Myrtle.Doyle@example.com,Myrtle Doyle,"Toronto, Canada",525-796-7991,1,1,1
75,Marjorie.Shields@example.com,Marjorie Shields,"San Diego, USA",346-207-2724,0,1,1
76,Taha.Casey@example.com,Taha Casey,"Los Angeles, USA",581-100-2001,1,0,1
77,Cleo.Greer@example.com,Cleo Greer,"Los Angeles, USA",138-806-4136,1,1,0
78,Angela.Mcmillan@example.com,Angela Mcmillan,"London, United Kingdom",868-463-1850,1,0,0
79,Vivian.Peterson@example.com,Vivian Peterson,"San Francisco, USA",598-995-3909,1,0,0
80,Cheryl.Owens@example.com,Cheryl Owens,"San Francisco, USA",812-775-9881,1,1,0
81,Ahmad.Castro@example.com,Ahmad Castro,"San Francisco, USA",629-807-5687,1,0,0
82,Casper.Freeman@example.com,Casper Freeman,"San Diego, USA",932-653-8020,1,0,0
83,Zachery.Brennan@example.com,Zachery Brennan,"San Francisco, USA",323-591-3874,1,0,0
84,Safia.Ayers@example.com,Safia Ayers,"San Francisco, USA",512-649-7865,0,1,0
85,Clarence.Hanson@example.com,Clarence Hanson,"Chicago, USA",743-908-5464,1,1,0
86,Douglas.Browning@example.com,Douglas Browning,"New York, USA",247-523-1403,1,0,0
87,Rahim.Cuevas@example.com,Rahim Cuevas,"Los Angeles, USA",300-879-5941,0,1,0
88,Humza.Velez@example.com,Humza Velez,"New York, USA",931-502-4660,0,1,1
89,Everett.Fitzpatrick@example.com,Everett Fitzpatrick,"New York, USA",520-305-7264,0,1,0
90,Anas.Blevins@example.com,Anas Blevins,"San Diego, USA",138-515-3364,1,1,1
91,Amir.Clark@example.com,Amir Clark,"London, United Kingdom",924-287-4068,1,1,1
92,Mohamed.Barr@example.com,Mohamed Barr,"San Francisco, USA",604-185-7149,1,0,0
93,Elif.Khan@example.com,Elif Khan,"New York, USA",686-123-8571,1,0,1
94,Mia.Horne@example.com,Mia Horne,"Los Angeles, USA",667-185-1569,1,1,1
95,Miles.Fisher@example.com,Miles Fisher,"San Diego, USA",702-511-6770,1,1,1
96,Nadia.Neal@example.com,Nadia Neal,"New York, USA",255-874-4270,1,1,1
97,Alastair.Buckley@example.com,Alastair Buckley,"San Diego, USA",776-243-3725,1,0,0
98,Traci.Banks@example.com,Traci Banks,"San Francisco, USA",313-374-6903,1,1,0
99,Colby.Hart@example.com,Colby Hart,"San Francisco, USA",900-712-6799,1,0,1
100,Usman.Swanson@example.com,Usman Swanson,"London, United Kingdom",431-103-9132,1,1,1
101,Michelle.Love@example.com,Michelle Love,"New York, USA",672-651-8173,1,1,0
102,Alina.Walls@example.com,Alina Walls,"Chicago, USA",507-883-4629,1,0,0
103,Caspar.Hudson@example.com,Caspar Hudson,"Toronto, Canada",830-584-4874,0,1,0
104,Chelsea.Wyatt@example.com,Chelsea Wyatt,"San Diego, USA",750-801-9657,0,1,1
105,Franklin.Conway@example.com,Franklin Conway,"San Diego, USA",768-545-4465,1,0,1
106,Ruth.Andrews@example.com,Ruth Andrews,"Chicago, USA",159-468-6067,0,1,1
107,Polly.Reyes@example.com,Polly Reyes,"San Diego, USA",296-740-3450,0,1,0
108,Mohsin.Tucker@example.com,Mohsin Tucker,"Toronto, Canada",174-389-8757,0,0,1
109,Huw.Valentine@example.com,Huw Valentine,"Chicago, USA",441-847-1955,0,1,1
110,Pearl.Perez@example.com,Pearl Perez,"San Francisco, USA",947-926-6369,0,1,0
111,Harriett.Mccoy@example.com,Harriett Mccoy,"San Francisco, USA",956-438-3865,1,1,1
112,Aiden.Galvan@example.com,Aiden Galvan,"San Diego, USA",559-282-1575,0,0,1
113,Kaan.Miranda@example.com,Kaan Miranda,"San Francisco, USA",940-569-5175,1,0,0
114,Laurie.Melendez@example.com,Laurie Melendez,"Toronto, Canada",488-382-1416,0,1,1
115,Tanya.Watson@example.com,Tanya Watson,"Montreal, Canada",432-515-4933,1,1,0
116,Gerard.Vargas@example.com,Gerard Vargas,"San Diego, USA",663-149-3581,1,1,1
118,Sean.Bolton@example.com,Sean Bolton,"Los Angeles, USA",222-241-5406,1,1,0
121,Jasper.Brandt@example.com,Jasper Brandt,"London, United Kingdom",527-756-7352,0,0,1
122,Teresa.Mccarty@example.com,Teresa Mccarty,"Toronto, Canada",223-114-4003,0,1,1
123,Finnian.Fisher@example.com,Finnian Fisher,"Toronto, Canada",382-879-9946,1,1,0
124,Carol.York@example.com,Carol York,"San Diego, USA",402-586-5192,1,0,0
126,Bessie.Cole@example.com,Bessie Cole,"San Diego, USA",424-390-3432,0,1,0
127,Zoya.Giles@example.com,Zoya Giles,"Toronto, Canada",301-750-7631,1,1,0
128,Malik.Cuevas@example.com,Malik Cuevas,"San Diego, USA",935-337-2537,1,0,0
129,Alejandro.Duncan@example.com,Alejandro Duncan,"London, United Kingdom",487-150-9471,0,0,1
130,Zohaib.Hartman@example.com,Zohaib Hartman,"Montreal, Canada",928-400-6426,0,0,1
131,Alivia.Armstrong@example.com,Alivia Armstrong,"Chicago, USA",398-367-7522,0,1,0
132,Tina.Powell@example.com,Tina Powell,"New York, USA",372-218-6551,1,0,1
133,Zack.Mcclain@example.com,Zack Mcclain,"New York, USA",586-280-9496,0,1,0
134,Lydia.Chan@example.com,Lydia Chan,"San Francisco, USA",649-585-3076,0,1,1
135,Bertie.Ward@example.com,Bertie Ward,"Montreal, Canada",971-922-8663,1,0,1
136,Hafsah.Booker@example.com,Hafsah Booker,"New York, USA",731-730-2543,0,1,1
137,India.Simmons@example.com,India Simmons,"San Diego, USA",605-920-3435,1,1,0
138,Adnan.Allen@example.com,Adnan Allen,"Chicago, USA",561-365-7378,1,0,1
139,Kamran.Wilcox@example.com,Kamran Wilcox,"London, United Kingdom",476-365-7838,1,0,1
140,Gary.Hutchinson@example.com,Gary Hutchinson,"San Francisco, USA",245-506-5389,1,0,0
141,Adriana.Stafford@example.com,Adriana Stafford,"Montreal, Canada",473-741-6496,0,1,0
143,Ian.Ho@example.com,Ian Ho,"San Francisco, USA",586-175-1970,1,0,0
144,Emelia.Page@example.com,Emelia Page,"San Francisco, USA",929-575-4315,0,1,1
145,Elijah.Castaneda@example.com,Elijah Castaneda,"Chicago, USA",354-709-5741,0,0,1
146,Edith.Walker@example.com,Edith Walker,"Los Angeles, USA",805-146-4773,0,1,0
147,Eleanor.Mcintosh@example.com,Eleanor Mcintosh,"Toronto, Canada",153-538-3431,1,0,0
148,Maksymilian.Crosby@example.com,Maksymilian Crosby,"New York, USA",298-837-9139,1,0,0
149,Abdirahman.Mullen@example.com,Abdirahman Mullen,"Toronto, Canada",669-442-8257,1,1,1
150,Mariah.Castro@example.com,Mariah Castro,"New York, USA",866-155-1011,1,1,0
151,Laiba.Ingram@example.com,Laiba Ingram,"San Diego, USA",780-200-2871,0,1,1
152,Matteo.Moon@example.com,Matteo Moon,"London, United Kingdom",830-546-5378,1,1,0
153,Blaine.Boyer@example.com,Blaine Boyer,"London, United Kingdom",411-997-1636,0,0,1
154,Thomas.English@example.com,Thomas English,"New York, USA",891-190-2889,0,0,1
155,Lochlan.Fitzgerald@example.com,Lochlan Fitzgerald,"San Francisco, USA",762-973-4444,0,0,1
156,Alia.Brooks@example.com,Alia Brooks,"Montreal, Canada",327-292-8469,1,0,1
157,Aimee.Duffy@example.com,Aimee Duffy,"San Diego, USA",856-144-7655,1,1,0
158,Ethan.Price@example.com,Ethan Price,"Los Angeles, USA",558-134-7531,1,1,1
159,Will.Santana@example.com,Will Santana,"Los Angeles, USA",460-231-8743,1,0,1
160,Alessia.Watts@example.com,Alessia Watts,"New York, USA",619-580-5165,1,0,0
161,Eliza.Gordon@example.com,Eliza Gordon,"Los Angeles, USA",805-946-7433,1,0,0
162,Martina.Boyle@example.com,Martina Boyle,"Los Angeles, USA",145-824-4775,0,0,1
163,Talha.Austin@example.com,Talha Austin,"New York, USA",279-345-3532,0,1,1
164,Herman.Knowles@example.com,Herman Knowles,"Los Angeles, USA",130-936-8674,0,1,1
165,Amira.Berg@example.com,Amira Berg,"Chicago, USA",627-954-8991,1,1,0
166,Darcie.Lane@example.com,Darcie Lane,"Los Angeles, USA",899-901-3539,1,0,0
167,Kurtis.Marks@example.com,Kurtis Marks,"Montreal, Canada",690-396-3965,0,0,1
168,Josie.Pham@example.com,Josie Pham,"San Diego, USA",202-569-8234,1,1,1
169,Katy.Harrington@example.com,Katy Harrington,"San Francisco, USA",645-829-7495,0,1,0
170,Macie.Payne@example.com,Macie Payne,"New York, USA",782-737-6408,1,0,0
171,Patrick.Morse@example.com,Patrick Morse,"New York, USA",220-102-3684,1,1,0
172,Nathaniel.Gonzalez@example.com,Nathaniel Gonzalez,"Chicago, USA",421-145-6627,0,0,1
174,Kiera.Cotton@example.com,Kiera Cotton,"Los Angeles, USA",254-627-7406,1,0,0
175,Tia.Potter@example.com,Tia Potter,"New York, USA",137-491-6519,1,1,0
176,Melvin.Flores@example.com,Melvin Flores,"London, United Kingdom",708-692-8746,0,1,1
177,Hassan.Kemp@example.com,Hassan Kemp,"San Diego, USA",131-471-2639,0,0,1
178,Jenson.Carver@example.com,Jenson Carver,"Chicago, USA",128-789-4202,0,1,1
179,Aminah.Wells@example.com,Aminah Wells,"Chicago, USA",950-639-9777,1,1,1
180,Dhruv.Villarreal@example.com,Dhruv Villarreal,"London, United Kingdom",931-559-3083,1,0,1
181,Rhodri.Kelley@example.com,Rhodri Kelley,"Los Angeles, USA",106-651-2649,0,1,0
182,Luqman.Carrillo@example.com,Luqman Carrillo,"New York, USA",124-533-2523,1,0,0
183,Ishaan.Stevenson@example.com,Ishaan Stevenson,"San Francisco, USA",631-367-5233,0,0,1
184,David.Bridges@example.com,David Bridges,"New York, USA",946-447-2454,0,1,0
185,Milton.Carlson@example.com,Milton Carlson,"Los Angeles, USA",344-559-6014,0,0,1
186,Gareth.Sutherland@example.com,Gareth Sutherland,"San Diego, USA",471-744-7605,1,0,0
187,Andre.Long@example.com,Andre Long,"San Francisco, USA",883-691-2967,0,1,1
188,Ridwan.Houston@example.com,Ridwan Houston,"London, United Kingdom",530-308-5425,0,0,1
189,Darcey.Whitney@example.com,Darcey Whitney,"San Francisco, USA",483-860-2350,1,1,1
190,Charlotte.Baxter@example.com,Charlotte Baxter,"San Francisco, USA",757-193-7348,1,0,1
191,Damon.Bullock@example.com,Damon Bullock,"Chicago, USA",130-864-9453,1,0,1
192,Leonie.Sanders@example.com,Leonie Sanders,"Chicago, USA",248-366-9279,1,1,0
193,Susie.Gibbons@example.com,Susie Gibbons,"Los Angeles, USA",194-777-4804,1,1,1
194,Fynn.Graham@example.com,Fynn Graham,"Toronto, Canada",763-842-3292,1,1,0
195,Jorge.Maldonado@example.com,Jorge Maldonado,"San Diego, USA",220-296-3772,1,0,1
196,Alanna.Stephens@example.com,Alanna Stephens,"Chicago, USA",710-282-8586,0,1,0
197,Tiago.Dunn@example.com,Tiago Dunn,"San Diego, USA",728-796-4352,1,1,0
198,Zakir.Russell@example.com,Zakir Russell,"Toronto, Canada",599-588-9264,0,1,1
199,Asa.Haines@example.com,Asa Haines,"London, United Kingdom",327-464-5734,1,1,0
200,Eesa.Buchanan@example.com,Eesa Buchanan,"London, United Kingdom",533-397-5445,1,1,0
201,Conor.Rush@example.com,Conor Rush,"New York, USA",663-671-4088,0,1,0
202,Kabir.Stewart@example.com,Kabir Stewart,"San Francisco, USA",891-887-3513,1,0,1
203,Lili.Patel@example.com,Lili Patel,"Montreal, Canada",823-509-3052,1,0,1
204,Philippa.Webster@example.com,Philippa Webster,"Toronto, Canada",407-892-7705,1,0,0
205,Zoe.Newman@example.com,Zoe Newman,"San Francisco, USA",620-765-4496,0,1,1
206,Azaan.Roth@example.com,Azaan Roth,"Los Angeles, USA",130-119-2032,1,1,0
207,Mark.Friedman@example.com,Mark Friedman,"San Diego, USA",111-862-3502,1,0,1
208,Jessie.Greer@example.com,Jessie Greer,"London, United Kingdom",950-317-1709,1,1,1
209,Eliot.Stokes@example.com,Eliot Stokes,"Los Angeles, USA",864-975-1957,0,1,0
210,Alessia.Jenkins@example.com,Alessia Jenkins,"Chicago, USA",547-388-2503,0,1,0
211,Gerard.Francis@example.com,Gerard Francis,"Chicago, USA",958-724-3846,1,1,1
212,Angela.Lynch@example.com,Angela Lynch,"San Francisco, USA",227-737-8739,1,1,0
213,Kyran.Wyatt@example.com,Kyran Wyatt,"Montreal, Canada",778-841-9881,1,1,0
214,Eugene.Taylor@example.com,Eugene Taylor,"Toronto, Canada",712-926-3402,0,1,0
215,Katerina.Turner@example.com,Katerina Turner,"San Francisco, USA",753-511-5460,0,1,1
216,Nataniel.Nunez@example.com,Nataniel Nunez,"New York, USA",202-158-5194,0,0,1
217,Phoebe.Rodriguez@example.com,Phoebe Rodriguez,"New York, USA",516-779-4464,1,0,1
219,Sinead.Horne@example.com,Sinead Horne,"Toronto, Canada",340-355-9098,1,0,1
220,Sahar.Kim@example.com,Sahar Kim,"San Francisco, USA",718-676-2743,1,1,0
221,Emmie.Schmidt@example.com,Emmie Schmidt,"San Francisco, USA",130-236-9253,1,0,0
223,Rupert.Mejia@example.com,Rupert Mejia,"San Francisco, USA",194-235-2353,1,0,1
224,Lily-Rose.Kaufman@example.com,Lily-Rose Kaufman,"Chicago, USA",271-963-2123,1,0,0
225,Neil.Haynes@example.com,Neil Haynes,"San Diego, USA",421-219-5363,1,1,1
226,Morgan.Hardy@example.com,Morgan Hardy,"London, United Kingdom",974-761-7628,0,1,1
227,Ibraheem.Mcgee@example.com,Ibraheem Mcgee,"San Diego, USA",667-192-9013,0,1,0
229,Kate.Cline@example.com,Kate Cline,"Toronto, Canada",927-741-2027,1,0,1
230,Hana.Barr@example.com,Hana Barr,"San Francisco, USA",541-180-4090,1,0,1
231,Darcy.Wall@example.com,Darcy Wall,"Montreal, Canada",109-398-3560,0,0,1
232,Aisha.Winters@example.com,Aisha Winters,"Toronto, Canada",280-831-1664,0,0,1
233,Zayd.Yoder@example.com,Zayd Yoder,"New York, USA",259-388-7717,1,0,1
234,Esmee.Harmon@example.com,Esmee Harmon,"New York, USA",271-604-3446,1,0,1
235,Tamara.Riddle@example.com,Tamara Riddle,"Los Angeles, USA",481-405-7265,1,1,1
236,Gloria.Mason@example.com,Gloria Mason,"Los Angeles, USA",495-379-8123,0,1,0
237,Carter.Coleman@example.com,Carter Coleman,"San Francisco, USA",530-826-1153,0,1,1
238,Ashleigh.Trevino@example.com,Ashleigh Trevino,"San Francisco, USA",621-710-6972,1,0,0
239,Edward.Ayala@example.com,Edward Ayala,"Montreal, Canada",416-337-3343,1,0,1
240,Amira.Lane@example.com,Amira Lane,"San Francisco, USA",321-569-4426,0,0,1
241,Chris.Zimmerman@example.com,Chris Zimmerman,"San Diego, USA",371-875-4229,0,0,1
242,Hazel.Joseph@example.com,Hazel Joseph,"New York, USA",272-647-4049,0,0,1
243,Brogan.Fitzgerald@example.com,Brogan Fitzgerald,"Montreal, Canada",955-732-8107,1,1,0
244,Taylor.Ramos@example.com,Taylor Ramos,"Toronto, Canada",833-282-1248,1,0,1
245,Elsie.Cuevas@example.com,Elsie Cuevas,"Montreal, Canada",186-536-6820,0,1,0
246,Zara.Washington@example.com,Zara Washington,"London, United Kingdom",679-367-1926,0,1,1
247,Douglas.Lozano@example.com,Douglas Lozano,"New York, USA",916-136-3366,0,1,0
248,Bethan.Franco@example.com,Bethan Franco,"Toronto, Canada",317-895-5803,1,0,0
249,Clementine.Whitaker@example.com,Clementine Whitaker,"Los Angeles, USA",193-348-3198,0,0,1
250,Sarah.Mooney@example.com,Sarah Mooney,"Chicago, USA",507-446-1333,1,1,1
251,Grayson.Rasmussen@example.com,Grayson Rasmussen,"New York, USA",312-891-9587,1,0,0
252,Jemima.Leonard@example.com,Jemima Leonard,"Chicago, USA",149-310-5366,0,0,1
253,Oskar.Mccarty@example.com,Oskar Mccarty,"London, United Kingdom",582-269-7396,0,1,1
254,Bonnie.Woods@example.com,Bonnie Woods,"San Francisco, USA",104-443-5734,1,1,1
255,Miriam.Pacheco@example.com,Miriam Pacheco,"San Diego, USA",401-464-5796,1,0,1
256,Zahraa.Villanueva@example.com,Zahraa Villanueva,"San Francisco, USA",130-183-4153,0,0,1
257,Alia.Hess@example.com,Alia Hess,"San Diego, USA",735-371-7432,0,0,1
258,Felicity.Tran@example.com,Felicity Tran,"San Diego, USA",530-539-9474,1,1,0
259,Lily.Chan@example.com,Lily Chan,"San Francisco, USA",390-911-6534,1,1,0
260,Darcey.Robles@example.com,Darcey Robles,"London, United Kingdom",790-759-5249,0,1,0
262,Everly.Cortez@example.com,Everly Cortez,"Toronto, Canada",954-995-1806,1,0,0
263,Tommy.Farmer@example.com,Tommy Farmer,"Toronto, Canada",999-431-4584,1,0,0
264,Maximillian.Atkins@example.com,Maximillian Atkins,"Toronto, Canada",421-834-8740,1,1,0
265,Eddie.Archer@example.com,Eddie Archer,"San Francisco, USA",130-279-8355,0,1,1
266,Gregory.Strong@example.com,Gregory Strong,"New York, USA",952-404-1885,0,1,1
267,Jake.Spencer@example.com,Jake Spencer,"San Diego, USA",445-216-5918,1,1,1
268,Johnny.Ford@example.com,Johnny Ford,"San Francisco, USA",760-126-9651,1,1,1
269,Yusuf.Salazar@example.com,Yusuf Salazar,"Toronto, Canada",311-351-7403,1,0,0
270,Nelson.Huff@example.com,Nelson Huff,"New York, USA",169-619-4582,1,1,1
272,Findlay.Velasquez@example.com,Findlay Velasquez,"Los Angeles, USA",675-319-8856,1,1,1
273,Georgiana.Horton@example.com,Georgiana Horton,"Los Angeles, USA",290-200-9393,1,0,1
274,Bronte.Riley@example.com,Bronte Riley,"Toronto, Canada",786-291-8203,0,1,0
275,Harriett.Villegas@example.com,Harriett Villegas,"Los Angeles, USA",329-505-8826,1,0,1
276,Bertha.Carter@example.com,Bertha Carter,"Chicago, USA",708-356-2109,1,0,1
277,Fay.Lucas@example.com,Fay Lucas,"Montreal, Canada",436-818-1915,1,1,0
278,Rachael.Sykes@example.com,Rachael Sykes,"San Diego, USA",623-319-1782,0,1,1
279,Annabelle.Atkinson@example.com,Annabelle Atkinson,"San Francisco, USA",494-263-3527,1,0,0
280,Zac.Wagner@example.com,Zac Wagner,"San Francisco, USA",131-396-9743,1,1,1
282,Elysia.Mata@example.com,Elysia Mata,"New York, USA",111-388-1063,0,1,1
283,Autumn.Hensley@example.com,Autumn Hensley,"New York, USA",107-156-5064,1,1,0
284,Maximilian.Whitney@example.com,Maximilian Whitney,"San Francisco, USA",804-245-1465,1,0,1
285,Lorna.Levy@example.com,Lorna Levy,"Toronto, Canada",809-114-1988,0,1,0
286,Cordelia.Marquez@example.com,Cordelia Marquez,"Los Angeles, USA",636-910-2488,0,1,1
287,Jan.Daniels@example.com,Jan Daniels,"Montreal, Canada",305-449-8274,1,0,1
288,Donald.Dale@example.com,Donald Dale,"San Francisco, USA",995-494-7868,0,0,1
289,Adele.Cantrell@example.com,Adele Cantrell,"New York, USA",264-319-7312,1,0,1
290,Brenda.Ingram@example.com,Brenda Ingram,"Montreal, Canada",919-358-6885,1,1,1
291,Brooklyn.Gamble@example.com,Brooklyn Gamble,"Chicago, USA",187-138-7951,0,1,1
292,Anya.Bray@example.com,Anya Bray,"Toronto, Canada",396-900-5179,0,1,0
293,Oliwia.Dominguez@example.com,Oliwia Dominguez,"San Diego, USA",161-309-1110,0,1,1
294,Faizan.Hill@example.com,Faizan Hill,"San Francisco, USA",572-649-5353,1,0,0
295,Maisy.Clark@example.com,Maisy Clark,"San Diego, USA",966-801-8945,1,1,0
296,Steven.Reid@example.com,Steven Reid,"San Francisco, USA",490-977-4025,1,0,1
297,Ayesha.O'Reilly@example.com,Ayesha O'Reilly,"San Diego, USA",273-616-5739,0,1,0
298,Chanel.Lang@example.com,Chanel Lang,"San Francisco, USA",284-895-4854,0,1,1
299,Aadam.Browning@example.com,Aadam Browning,"San Francisco, USA",702-276-7562,1,1,1
300,Danny.Knapp@example.com,Danny Knapp,"Los Angeles, USA",665-657-4948,1,1,1
301,Huda.Rogers@example.com,Huda Rogers,"New York, USA",714-169-1009,0,0,1
302,Ellena.Ramsey@example.com,Ellena Ramsey,"San Diego, USA",639-267-5334,0,0,1
303,Nikita.Marquez@example.com,Nikita Marquez,"Montreal, Canada",492-815-1793,1,0,0
304,Siena.Stanton@example.com,Siena Stanton,"Chicago, USA",247-260-7851,1,1,1
305,Doris.Griffith@example.com,Doris Griffith,"San Francisco, USA",839-124-9420,0,1,1
306,Libbie.Swanson@example.com,Libbie Swanson,"Chicago, USA",176-108-4411,0,1,0
307,Rebekah.Shaw@example.com,Rebekah Shaw,"Chicago, USA",531-380-1711,1,0,1
308,Noah.Benton@example.com,Noah Benton,"Los Angeles, USA",936-522-1085,0,1,1
309,Barnaby.Payne@example.com,Barnaby Payne,"London, United Kingdom",140-296-7511,1,0,0
310,Aya.Hoover@example.com,Aya Hoover,"Chicago, USA",640-104-6782,1,1,1
311,Mariam.Campos@example.com,Mariam Campos,"San Diego, USA",102-916-1394,0,1,0
312,Marissa.Rubio@example.com,Marissa Rubio,"Chicago, USA",400-815-9011,0,1,1
313,Alice.Nielsen@example.com,Alice Nielsen,"Chicago, USA",988-763-8894,0,0,1
314,Neve.Hendrix@example.com,Neve Hendrix,"Chicago, USA",965-871-6717,0,1,1
315,Kiara.Sosa@example.com,Kiara Sosa,"Los Angeles, USA",982-969-2499,1,0,0
316,Mathilda.Abbott@example.com,Mathilda Abbott,"New York, USA",893-420-4063,0,0,1
317,Bessie.Cuevas@example.com,Bessie Cuevas,"Toronto, Canada",629-379-6872,1,1,0
318,Mario.Luna@example.com,Mario Luna,"Toronto, Canada",547-624-3479,1,1,1
319,Tess.Short@example.com,Tess Short,"Los Angeles, USA",990-918-2059,1,0,1
320,Liberty.Stephenson@example.com,Liberty Stephenson,"San Francisco, USA",613-740-5020,1,0,0
321,Leena.Castillo@example.com,Leena Castillo,"San Francisco, USA",648-845-8799,0,0,1
322,Melissa.Harding@example.com,Melissa Harding,"San Francisco, USA",614-765-9511,1,0,0
323,Seren.Rocha@example.com,Seren Rocha,"Toronto, Canada",880-236-4632,0,1,0
324,Thea.Hamilton@example.com,Thea Hamilton,"Montreal, Canada",868-547-6826,1,1,1
325,Matilda.Griffin@example.com,Matilda Griffin,"Toronto, Canada",176-758-4552,1,1,0
326,Archibald.Melendez@example.com,Archibald Melendez,"Chicago, USA",553-482-8315,1,1,0
327,Oliver.Sanford@example.com,Oliver Sanford,"Toronto, Canada",628-646-1375,1,1,0
328,Otis.Pittman@example.com,Otis Pittman,"San Diego, USA",563-494-9026,1,1,1
329,Rory.Bartlett@example.com,Rory Bartlett,"San Diego, USA",429-411-4734,1,1,0
331,Lia.Hudson@example.com,Lia Hudson,"San Francisco, USA",671-560-5008,1,1,0
332,Gertrude.Huffman@example.com,Gertrude Huffman,"San Diego, USA",148-739-3707,0,1,0
333,Tamzin.Hernandez@example.com,Tamzin Hernandez,"Chicago, USA",657-945-1077,1,0,1
334,Elisabeth.Tran@example.com,Elisabeth Tran,"London, United Kingdom",363-441-2226,1,0,1
335,Aaminah.Daniel@example.com,Aaminah Daniel,"New York, USA",877-314-7868,1,1,1
336,Katrina.Foster@example.com,Katrina Foster,"London, United Kingdom",497-544-5065,1,1,0
337,Xavier.Mcguire@example.com,Xavier Mcguire,"San Francisco, USA",329-569-7858,0,0,1
339,Sahil.Lyons@example.com,Sahil Lyons,"Montreal, Canada",494-702-9881,1,0,1
340,Lilly-Rose.Richards@example.com,Lilly-Rose Richards,"New York, USA",264-213-8415,1,1,1
341,Alexandros.Green@example.com,Alexandros Green,"San Diego, USA",725-427-2794,0,1,0
342,Alfred.Stuart@example.com,Alfred Stuart,"Los Angeles, USA",713-145-1454,0,0,1
343,Taha.Carroll@example.com,Taha Carroll,"Chicago, USA",368-154-2650,1,1,0
345,Hannah.Zuniga@example.com,Hannah Zuniga,"Chicago, USA",515-268-3667,1,1,1
346,Caiden.Kaufman@example.com,Caiden Kaufman,"Montreal, Canada",805-349-3127,0,0,1
347,Jemma.Greer@example.com,Jemma Greer,"San Francisco, USA",220-752-3577,0,0,1
348,Alistair.Moore@example.com,Alistair Moore,"Los Angeles, USA",358-489-3754,0,1,1
349,Rachael.Shields@example.com,Rachael Shields,"New York, USA",557-384-9605,1,1,1
350,Jed.Myers@example.com,Jed Myers,"San Francisco, USA",920-927-4758,0,0,1
351,Keaton.Ortiz@example.com,Keaton Ortiz,"San Diego, USA",676-716-9033,0,1,1
352,Maliha.Hood@example.com,Maliha Hood,"San Diego, USA",296-552-6256,0,0,1
353,Jennie.Monroe@example.com,Jennie Monroe,"Montreal, Canada",613-385-2077,0,0,1
354,Sharon.Rojas@example.com,Sharon Rojas,"New York, USA",901-513-9962,0,1,0
355,Dawid.Lozano@example.com,Dawid Lozano,"Toronto, Canada",410-788-9917,0,1,0
356,Romeo.Martin@example.com,Romeo Martin,"Toronto, Canada",834-460-4855,0,1,1
357,Nikhil.Peck@example.com,Nikhil Peck,"Chicago, USA",395-769-3300,0,1,1
359,Jayden.Meyers@example.com,Jayden Meyers,"San Diego, USA",233-480-8798,1,0,0
361,Joel.Baldwin@example.com,Joel Baldwin,"San Diego, USA",161-534-8719,0,0,1
362,Fletcher.Moreno@example.com,Fletcher Moreno,"San Francisco, USA",228-202-6360,1,0,0
363,Layton.Suarez@example.com,Layton Suarez,"San Francisco, USA",909-218-5658,1,0,0
364,Markus.Weaver@example.com,Markus Weaver,"Los Angeles, USA",806-124-5977,1,0,1
365,Martina.Moran@example.com,Martina Moran,"Toronto, Canada",641-323-9929,0,0,1
366,Maxwell.Lee@example.com,Maxwell Lee,"San Francisco, USA",221-138-8090,0,1,0
367,Eryn.Bowers@example.com,Eryn Bowers,"Chicago, USA",767-372-8468,1,1,1
368,Marie.Hughes@example.com,Marie Hughes,"New York, USA",918-588-9531,1,1,1
369,Reggie.Strong@example.com,Reggie Strong,"Toronto, Canada",459-645-8476,1,1,1
370,Darcey.Powell@example.com,Darcey Powell,"San Diego, USA",558-608-9550,1,1,0
371,Ismaeel.Roach@example.com,Ismaeel Roach,"Los Angeles, USA",334-436-6254,0,1,1
372,Holly.Gillespie@example.com,Holly Gillespie,"New York, USA",537-653-7820,0,1,1
373,Robbie.Paul@example.com,Robbie Paul,"Los Angeles, USA",852-236-4050,1,0,1
374,Sara.Harris@example.com,Sara Harris,"San Francisco, USA",549-750-2047,1,1,0
375,Brandon.Rangel@example.com,Brandon Rangel,"New York, USA",417-706-8052,1,1,0
376,Saskia.Glover@example.com,Saskia Glover,"Los Angeles, USA",883-302-1765,0,1,1
377,Phyllis.Gill@example.com,Phyllis Gill,"Los Angeles, USA",821-675-4190,0,1,0
378,Junior.Mcgowan@example.com,Junior Mcgowan,"San Francisco, USA",820-164-6757,1,0,0
380,James.Warner@example.com,James Warner,"Toronto, Canada",839-312-5829,0,1,0
381,Elsa.Hebert@example.com,Elsa Hebert,"Los Angeles, USA",389-739-1832,0,1,0
382,Zachery.Snow@example.com,Zachery Snow,"Toronto, Canada",354-295-2894,0,1,0
383,Owen.Michael@example.com,Owen Michael,"Toronto, Canada",178-910-8863,0,1,0
384,Fraser.Hooper@example.com,Fraser Hooper,"New York, USA",228-636-9031,0,1,0
385,Olivia.Slater@example.com,Olivia Slater,"Los Angeles, USA",618-239-1471,1,1,1
386,Gregory.Mcgrath@example.com,Gregory Mcgrath,"San Francisco, USA",284-161-5702,0,0,1
387,Jesse.Perry@example.com,Jesse Perry,"New York, USA",711-621-8470,0,1,1
388,Yousef.Andrews@example.com,Yousef Andrews,"Los Angeles, USA",532-910-6535,1,1,0
389,Levi.Hoffman@example.com,Levi Hoffman,"London, United Kingdom",442-352-9243,1,1,0
390,Camilla.Wells@example.com,Camilla Wells,"London, United Kingdom",149-482-9546,1,0,1
391,Laiba.Knapp@example.com,Laiba Knapp,"New York, USA",311-460-4985,0,1,0
392,Kyle.Joseph@example.com,Kyle Joseph,"Toronto, Canada",499-600-6164,1,0,1
394,Guy.Osborn@example.com,Guy Osborn,"San Francisco, USA",990-686-6129,0,0,1
395,Maxim.Romero@example.com,Maxim Romero,"San Diego, USA",398-796-6242,0,0,1
396,Penny.Hanson@example.com,Penny Hanson,"Toronto, Canada",853-297-6593,0,0,1
397,Zaynab.Salas@example.com,Zaynab Salas,"San Diego, USA",696-692-1941,0,1,0
398,Myrtle.Lewis@example.com,Myrtle Lewis,"London, United Kingdom",727-289-2785,1,1,1
399,Nathan.Pearce@example.com,Nathan Pearce,"Los Angeles, USA",161-192-5834,1,1,1
400,Joanna.Durham@example.com,Joanna Durham,"Los Angeles, USA",302-863-6548,0,1,0
401,Gloria.Quinn@example.com,Gloria Quinn,"San Diego, USA",225-175-9968,1,0,1
402,Safaa.Lopez@example.com,Safaa Lopez,"Chicago, USA",863-714-5286,1,0,0
404,Verity.Oneal@example.com,Verity Oneal,"San Francisco, USA",736-555-3571,1,0,1
405,Cecily.Blaese@example.com,Cecily Blaese,"Toronto, Canada",234-446-2115,0,1,1
406,Gideon.Perez@example.com,Gideon Perez,"Toronto, Canada",135-944-5781,1,1,1
407,Trinity.Mora@example.com,Trinity Mora,"Toronto, Canada",406-645-2610,1,0,0
408,Adnan.Moore@example.com,Adnan Moore,"San Francisco, USA",132-644-9432,0,1,0
409,Aleksander.Durham@example.com,Aleksander Durham,"New York, USA",582-306-5689,1,1,1
410,Findlay.O'Quinn@example.com,Findlay O'Quinn,"Los Angeles, USA",605-713-8734,1,0,0
411,Candice.Hooper@example.com,Candice Hooper,"Toronto, Canada",382-506-1338,1,1,1
413,Charlotte.Trevino@example.com,Charlotte Trevino,"New York, USA",110-715-4620,1,1,0
414,Ahmed.Mcpherson@example.com,Ahmed Mcpherson,"Los Angeles, USA",797-300-1323,1,0,0
415,Christopher.Pollard@example.com,Christopher Pollard,"San Diego, USA",915-743-9764,1,1,1
416,Emilie.Mckee@example.com,Emilie Mckee,"San Francisco, USA",270-914-6681,1,1,0
417,Sufyaan.Gonzales@example.com,Sufyaan Gonzales,"San Diego, USA",729-767-8923,1,1,1
418,Kian.Stephens@example.com,Kian Stephens,"Chicago, USA",820-881-5658,1,1,1
419,Celine.Calderon@example.com,Celine Calderon,"San Diego, USA",110-293-2276,0,1,0
420,Pablo.Benton@example.com,Pablo Benton,"London, United Kingdom",918-474-3062,1,0,0
421,Juliet.Gordon@example.com,Juliet Gordon,"San Diego, USA",647-601-9488,1,0,0
422,Ruby.Reid@example.com,Ruby Reid,"San Francisco, USA",877-977-4677,0,1,0
423,Haaris.Blevins@example.com,Haaris Blevins,"Chicago, USA",790-597-2437,0,1,0
424,Carol.Bean@example.com,Carol Bean,"San Francisco, USA",168-263-3805,1,0,0
425,Ines.Davis@example.com,Ines Davis,"San Francisco, USA",238-215-9099,0,0,1
426,Bill.Chen@example.com,Bill Chen,"Toronto, Canada",264-895-1912,1,1,1
428,Abi.Montgomery@example.com,Abi Montgomery,"Montreal, Canada",904-933-1987,0,0,1
429,Mike.Hurst@example.com,Mike Hurst,"Montreal, Canada",488-247-6930,0,1,1
430,Huw.Pearson@example.com,Huw Pearson,"San Diego, USA",505-476-1251,0,1,0
431,Alannah.Vaughn@example.com,Alannah Vaughn,"San Francisco, USA",942-130-5841,1,0,0
432,Camilla.Huff@example.com,Camilla Huff,"San Francisco, USA",943-976-4626,1,0,1
433,Angelo.Manning@example.com,Angelo Manning,"Toronto, Canada",182-351-6749,1,0,0
434,Enzo.Hess@example.com,Enzo Hess,"Los Angeles, USA",359-874-3781,1,0,1
435,Jorge.Hebert@example.com,Jorge Hebert,"Los Angeles, USA",301-526-9714,0,0,1
436,Alan.Burton@example.com,Alan Burton,"San Francisco, USA",795-682-8733,1,0,0
437,Harvey.Rios@example.com,Harvey Rios,"Los Angeles, USA",439-940-5960,1,1,0
438,Leslie.Harrington@example.com,Leslie Harrington,"Chicago, USA",170-517-1270,1,1,0
439,Leona.Daugherty@example.com,Leona Daugherty,"Montreal, Canada",815-288-7354,1,1,1
440,Dean.Koch@example.com,Dean Koch,"San Francisco, USA",510-682-8416,0,0,1
441,Conrad.Hanna@example.com,Conrad Hanna,"San Diego, USA",934-954-3387,0,1,1
442,Lenny.Hardy@example.com,Lenny Hardy,"Toronto, Canada",618-571-1851,0,1,1
443,Miguel.Guerrero@example.com,Miguel Guerrero,"San Francisco, USA",542-618-4471,1,1,1
444,Karina.Mata@example.com,Karina Mata,"San Francisco, USA",428-919-4395,1,1,0
445,Marco.Fletcher@example.com,Marco Fletcher,"Los Angeles, USA",196-551-2162,1,1,0
446,Julius.Marquez@example.com,Julius Marquez,"Montreal, Canada",189-235-8167,0,1,1
447,Lucy.Livingston@example.com,Lucy Livingston,"San Diego, USA",528-980-5732,1,0,1
449,Raja.Hull@example.com,Raja Hull,"Toronto, Canada",209-644-4005,1,0,1
451,Amie.Lin@example.com,Amie Lin,"New York, USA",153-814-9880,1,0,1
452,Iqra.Kelly@example.com,Iqra Kelly,"Los Angeles, USA",319-337-5741,1,1,1
453,Kiran.Barr@example.com,Kiran Barr,"New York, USA",755-593-9023,0,1,0
454,Zuzanna.Moody@example.com,Zuzanna Moody,"San Diego, USA",727-221-6352,0,1,1
455,Margaret.Woods@example.com,Margaret Woods,"Chicago, USA",693-338-9657,0,0,1
456,Larry.Clay@example.com,Larry Clay,"Montreal, Canada",151-494-2927,0,1,0
457,Ffion.Brandt@example.com,Ffion Brandt,"San Diego, USA",560-197-4771,0,0,1
458,Taha.Torres@example.com,Taha Torres,"Los Angeles, USA",685-146-7547,0,1,0
459,Hector.Lam@example.com,Hector Lam,"Los Angeles, USA",784-605-2200,1,0,1
460,Demi.Dennis@example.com,Demi Dennis,"Los Angeles, USA",429-374-1894,0,1,0
461,Leila.Hawkins@example.com,Leila Hawkins,"Los Angeles, USA",970-992-9362,0,1,0
462,Junior.Schwartz@example.com,Junior Schwartz,"San Francisco, USA",543-252-9069,0,1,1
463,Tristan.Lambert@example.com,Tristan Lambert,"San Diego, USA",125-567-3504,1,1,1
464,Liliana.Carpenter@example.com,Liliana Carpenter,"New York, USA",769-403-7834,0,1,0
466,Charis.Cotton@example.com,Charis Cotton,"Toronto, Canada",598-771-1224,0,0,1
467,Zubair.Sheppard@example.com,Zubair Sheppard,"San Francisco, USA",845-425-4523,1,1,1
469,Zohaib.Preston@example.com,Zohaib Preston,"San Francisco, USA",575-540-7871,0,1,0
470,Kyla.Brennan@example.com,Kyla Brennan,"Toronto, Canada",440-863-6538,0,0,1
471,Amira.Mueller@example.com,Amira Mueller,"San Francisco, USA",445-867-4511,0,1,0
472,Colby.Baxter@example.com,Colby Baxter,"Los Angeles, USA",584-747-3867,1,0,0
473,Hayden.Lucas@example.com,Hayden Lucas,"Montreal, Canada",527-308-6637,1,0,1
476,Sabrina.Becker@example.com,Sabrina Becker,"Toronto, Canada",895-364-8107,1,0,0
478,Alejandro.Ali@example.com,Alejandro Ali,"San Francisco, USA",685-467-9906,0,0,1
479,Terence.Rosales@example.com,Terence Rosales,"Toronto, Canada",298-641-6696,0,1,1
480,Abu.Miranda@example.com,Abu Miranda,"Los Angeles, USA",615-102-4849,0,1,1
481,Sophia.Randolph@example.com,Sophia Randolph,"New York, USA",972-667-2372,1,1,0
482,Ahmad.Patrick@example.com,Ahmad Patrick,"Toronto, Canada",875-486-1626,1,1,0
483,Christine.Davenport@example.com,Christine Davenport,"Montreal, Canada",168-853-2168,0,1,0
484,Lowri.Brady@example.com,Lowri Brady,"Toronto, Canada",116-274-4785,1,1,0
485,Ashley.Cain@example.com,Ashley Cain,"London, United Kingdom",679-244-6655,0,0,1
486,Andre.Le@example.com,Andre Le,"San Francisco, USA",583-114-3994,1,0,0
487,Bernard.Moran@example.com,Bernard Moran,"San Francisco, USA",863-265-3242,0,1,0
489,Khadija.Dunlap@example.com,Khadija Dunlap,"San Francisco, USA",752-472-1641,1,0,1
490,Rhonda.Coffey@example.com,Rhonda Coffey,"San Francisco, USA",473-420-4500,0,1,1
491,Ehsan.Anthony@example.com,Ehsan Anthony,"San Francisco, USA",364-687-4749,0,0,1
492,Haider.Mcguire@example.com,Haider Mcguire,"New York, USA",719-649-9057,0,0,1
493,Jazmine.Harper@example.com,Jazmine Harper,"Los Angeles, USA",956-324-6086,0,1,1
494,Bryan.Caldwell@example.com,Bryan Caldwell,"San Francisco, USA",161-104-1451,0,0,1
495,Sandra.Bowman@example.com,Sandra Bowman,"Los Angeles, USA",190-234-9749,1,1,1
496,Micheal.Maldonado@example.com,Micheal Maldonado,"London, United Kingdom",895-850-8289,0,0,1
497,Arjun.Mccarthy@example.com,Arjun Mccarthy,"Los Angeles, USA",152-255-3479,1,0,0
498,Keisha.Norris@example.com,Keisha Norris,"New York, USA",117-850-3045,1,1,0
499,Harris.Mack@example.com,Harris Mack,"New York, USA",633-338-5745,0,1,0
501,Nannie.Carr@example.com,Nannie Carr,"San Francisco, USA",175-709-3929,1,0,1
502,Imran.Page@example.com,Imran Page,"Montreal, Canada",203-209-8114,0,1,1
503,Jim.Moses@example.com,Jim Moses,"London, United Kingdom",560-446-1279,0,1,0
504,Anjali.Peck@example.com,Anjali Peck,"San Diego, USA",703-497-6452,0,1,0
505,Bessie.Conley@example.com,Bessie Conley,"London, United Kingdom",128-912-7282,0,1,0
506,Jude.Manning@example.com,Jude Manning,"New York, USA",705-992-3397,1,1,1
507,Bridget.Oneill@example.com,Bridget Oneill,"San Francisco, USA",349-116-7728,1,0,0
508,Brooke.Barron@example.com,Brooke Barron,"Chicago, USA",715-588-5341,0,1,0
509,Lukas.Howard@example.com,Lukas Howard,"Chicago, USA",846-508-8212,1,0,1
510,Kaya.Jacobson@example.com,Kaya Jacobson,"San Francisco, USA",870-909-4612,1,0,0
511,Kitty.Carroll@example.com,Kitty Carroll,"San Diego, USA",305-617-1384,0,1,0
512,Khadijah.Little@example.com,Khadijah Little,"San Diego, USA",258-211-4243,1,1,0
513,Scarlett.Bradley@example.com,Scarlett Bradley,"San Diego, USA",841-963-6257,0,1,0
514,Willard.Odling@example.com,Willard Odling,"Chicago, USA",156-301-8459,1,0,1
515,Gerald.Carver@example.com,Gerald Carver,"Los Angeles, USA",658-867-4112,0,0,1
516,Kate.Key@example.com,Kate Key,"San Francisco, USA",336-283-3896,0,1,1
517,Danielle.Lester@example.com,Danielle Lester,"San Francisco, USA",427-342-5497,1,1,0
518,Mabel.Pace@example.com,Mabel Pace,"Los Angeles, USA",752-347-2146,0,1,1
519,Eoin.Fields@example.com,Eoin Fields,"Los Angeles, USA",507-766-7432,1,0,0
520,Henry.Holloway@example.com,Henry Holloway,"San Francisco, USA",760-481-5035,0,0,1
521,Khalid.Mclaughlin@example.com,Khalid Mclaughlin,"San Francisco, USA",140-879-1467,1,0,0
522,Umar.Guerrero@example.com,Umar Guerrero,"San Francisco, USA",207-890-3313,1,1,1
523,Ameera.Kirby@example.com,Ameera Kirby,"London, United Kingdom",611-776-9890,1,0,1
524,Emre.Everett@example.com,Emre Everett,"San Francisco, USA",986-281-7506,0,1,1
525,Aidan.Mcmahon@example.com,Aidan Mcmahon,"New York, USA",896-647-2628,1,1,1
526,Tara.Brewer@example.com,Tara Brewer,"New York, USA",114-507-5478,0,1,0
527,Layton.Cisneros@example.com,Layton Cisneros,"San Francisco, USA",624-631-4459,1,0,0
528,Md.Booker@example.com,Md Booker,"New York, USA",544-944-1609,1,0,1
529,Lawrence.Simon@example.com,Lawrence Simon,"San Diego, USA",305-708-6970,0,1,0
530,Isobelle.Davidson@example.com,Isobelle Davidson,"San Francisco, USA",237-295-4490,0,1,0
531,Jake.Salazar@example.com,Jake Salazar,"San Francisco, USA",250-705-1154,1,0,0
532,Lawson.Levine@example.com,Lawson Levine,"San Francisco, USA",785-936-5286,1,1,1
533,Joshua.Holt@example.com,Joshua Holt,"New York, USA",993-541-7464,0,1,1
534,Ada.Walsh@example.com,Ada Walsh,"San Francisco, USA",391-963-8942,0,0,1
535,Carolyn.Pittman@example.com,Carolyn Pittman,"New York, USA",451-215-7038,1,0,0
536,Orla.Monroe@example.com,Orla Monroe,"Toronto, Canada",200-722-3778,0,1,1
537,Bronwyn.Hanna@example.com,Bronwyn Hanna,"Toronto, Canada",763-469-4049,1,0,0
538,Tristan.Valdez@example.com,Tristan Valdez,"Los Angeles, USA",109-614-1639,1,1,0
539,Ruth.Stone@example.com,Ruth Stone,"Montreal, Canada",429-930-9178,1,1,0
540,Savannah.Boone@example.com,Savannah Boone,"Los Angeles, USA",159-573-6793,1,1,1
541,Elysia.Schaefer@example.com,Elysia Schaefer,"Montreal, Canada",264-321-9679,1,0,1
542,Moses.O'Gallagher@example.com,Moses O'Gallagher,"Chicago, USA",303-406-9507,1,0,0
543,Esme.Krueger@example.com,Esme Krueger,"Toronto, Canada",173-138-2227,1,1,0
544,Millie.Yates@example.com,Millie Yates,"Chicago, USA",673-424-3380,1,1,0
545,Valentina.Cross@example.com,Valentina Cross,"Los Angeles, USA",142-486-2939,1,1,0
546,Lenny.Patrick@example.com,Lenny Patrick,"San Francisco, USA",109-247-6898,1,1,0
547,Ty.Serrano@example.com,Ty Serrano,"San Francisco, USA",901-570-7400,0,1,0
548,Katherine.Whitehead@example.com,Katherine Whitehead,"Los Angeles, USA",416-889-9840,1,1,1
549,Danny.Tate@example.com,Danny Tate,"San Diego, USA",574-779-9113,1,0,0
550,Prince.Sharp@example.com,Prince Sharp,"Montreal, Canada",886-278-8764,0,1,1
551,Donovan.Evans@example.com,Donovan Evans,"Montreal, Canada",729-134-2962,0,1,0
553,Rajan.Fletcher@example.com,Rajan Fletcher,"Chicago, USA",443-159-6306,1,0,1
554,Tyrell.Holman@example.com,Tyrell Holman,"San Francisco, USA",582-574-4299,0,1,1
555,Ammar.Floyd@example.com,Ammar Floyd,"New York, USA",960-107-6796,0,1,1
556,Zayn.Webb@example.com,Zayn Webb,"New York, USA",561-761-7547,1,0,1
557,Wilbur.Valentine@example.com,Wilbur Valentine,"San Francisco, USA",718-283-9417,1,1,1
558,Clementine.Sloan@example.com,Clementine Sloan,"Chicago, USA",480-906-3761,1,1,0
559,Cecilia.Edwards@example.com,Cecilia Edwards,"London, United Kingdom",941-963-8256,1,1,1
560,Aled.Harris@example.com,Aled Harris,"San Diego, USA",924-132-3783,0,1,1
561,Miya.Warner@example.com,Miya Warner,"Los Angeles, USA",204-288-1980,0,0,1
562,Marjorie.Morrison@example.com,Marjorie Morrison,"San Francisco, USA",642-203-8931,1,0,0
563,Safaa.Sharpe@example.com,Safaa Sharpe,"San Francisco, USA",648-955-3738,0,0,1
564,Craig.Mcknight@example.com,Craig Mcknight,"Chicago, USA",634-813-9351,1,0,1
565,Alice.Huber@example.com,Alice Huber,"Chicago, USA",190-538-3053,0,0,1
566,Cruz.Neal@example.com,Cruz Neal,"Chicago, USA",732-513-2567,0,0,1
567,Macy.King@example.com,Macy King,"Montreal, Canada",475-826-7209,1,0,0
568,Zaki.Mcpherson@example.com,Zaki Mcpherson,"San Francisco, USA",344-278-2013,1,0,1
569,Magnus.Mcneil@example.com,Magnus Mcneil,"San Francisco, USA",125-993-7660,0,1,1
570,Vinnie.Schwartz@example.com,Vinnie Schwartz,"San Diego, USA",790-948-7013,0,0,1
571,Keelan.Thompson@example.com,Keelan Thompson,"San Francisco, USA",254-156-9308,0,1,1
572,Davina.O'Doherty@example.com,Davina O'Doherty,"New York, USA",330-649-8079,1,0,1
573,Arron.Herman@example.com,Arron Herman,"San Diego, USA",999-222-5375,0,0,1
575,Casper.Padilla@example.com,Casper Padilla,"San Francisco, USA",823-261-2968,1,1,0
576,David.Mcconnell@example.com,David Mcconnell,"San Francisco, USA",967-585-7262,0,1,0
577,Yasin.Rogers@example.com,Yasin Rogers,"San Diego, USA",416-776-3422,0,1,0
578,Demi.Callahan@example.com,Demi Callahan,"Toronto, Canada",713-176-8275,1,0,0
579,Sufyaan.Castillo@example.com,Sufyaan Castillo,"Montreal, Canada",412-479-8766,1,0,1
581,Kamal.Gates@example.com,Kamal Gates,"Chicago, USA",622-660-1036,1,0,0
582,Yusra.Norman@example.com,Yusra Norman,"Los Angeles, USA",945-940-4995,1,0,1
583,Bryony.Stevens@example.com,Bryony Stevens,"New York, USA",537-447-5075,0,0,1
584,Darcy.Jenkins@example.com,Darcy Jenkins,"Los Angeles, USA",705-890-7715,0,1,0
585,Sufyan.Guzman@example.com,Sufyan Guzman,"Montreal, Canada",125-583-6823,0,1,1
586,Casey.Finley@example.com,Casey Finley,"London, United Kingdom",306-893-4689,1,1,1
587,Alina.Odom@example.com,Alina Odom,"Chicago, USA",737-828-4041,1,1,1
588,Miranda.Cain@example.com,Miranda Cain,"Los Angeles, USA",377-263-6278,0,0,1
589,Omari.Gibbs@example.com,Omari Gibbs,"San Diego, USA",524-749-7401,0,0,1
590,Susannah.Kane@example.com,Susannah Kane,"New York, USA",172-773-1455,1,1,1
591,Annalise.Stephens@example.com,Annalise Stephens,"Toronto, Canada",853-224-1381,0,1,1
592,Jamil.Shepherd@example.com,Jamil Shepherd,"Toronto, Canada",298-276-5058,1,1,1
593,Danyal.Lang@example.com,Danyal Lang,"Toronto, Canada",629-875-4423,0,1,1
594,Barry.Reilly@example.com,Barry Reilly,"Montreal, Canada",117-863-9669,0,0,1
595,Archie.Gregory@example.com,Archie Gregory,"San Diego, USA",945-301-2904,1,0,1
596,Hajra.Baxter@example.com,Hajra Baxter,"San Francisco, USA",600-542-2254,1,0,0
597,Earl.Fowler@example.com,Earl Fowler,"Los Angeles, USA",648-268-9331,1,1,0
598,Monica.Bruce@example.com,Monica Bruce,"Los Angeles, USA",302-368-5572,0,1,0
599,Astrid.Delgado@example.com,Astrid Delgado,"London, United Kingdom",641-317-3741,1,1,1
600,Bill.Jacobs@example.com,Bill Jacobs,"San Francisco, USA",279-704-9018,1,0,0
601,Rio.Pennington@example.com,Rio Pennington,"New York, USA",473-123-1959,1,1,1
602,Jazmin.Lopez@example.com,Jazmin Lopez,"Los Angeles, USA",116-866-3838,1,1,1
603,Bilal.Shaffer@example.com,Bilal Shaffer,"San Diego, USA",308-774-7278,0,0,1
604,Elisha.Cobb@example.com,Elisha Cobb,"San Francisco, USA",821-536-1739,0,1,0
605,Earl.Hobbs@example.com,Earl Hobbs,"New York, USA",916-866-7237,0,0,1
606,Bertha.Walsh@example.com,Bertha Walsh,"London, United Kingdom",129-506-2067,1,1,0
607,Bibi.Roberts@example.com,Bibi Roberts,"New York, USA",631-796-8801,1,0,0
608,Rishi.Barron@example.com,Rishi Barron,"Montreal, Canada",331-128-4346,1,1,1
610,Keira.Herman@example.com,Keira Herman,"Los Angeles, USA",607-258-2059,1,0,0
611,Omari.Richmond@example.com,Omari Richmond,"San Diego, USA",921-179-3270,0,0,1
612,Rabia.Parsons@example.com,Rabia Parsons,"Montreal, Canada",244-470-8381,1,0,0
613,Larissa.Perez@example.com,Larissa Perez,"London, United Kingdom",742-168-6071,1,0,1
615,Katelyn.Collins@example.com,Katelyn Collins,"San Diego, USA",878-870-9506,1,0,0
616,Jerry.Whitney@example.com,Jerry Whitney,"San Francisco, USA",990-444-7435,0,1,1
617,Beau.Duran@example.com,Beau Duran,"New York, USA",797-203-1866,1,1,0
618,Janet.Hughes@example.com,Janet Hughes,"Los Angeles, USA",194-769-6265,0,1,0
619,Ria.Ponce@example.com,Ria Ponce,"Chicago, USA",547-111-1151,0,1,0
620,Neo.Lara@example.com,Neo Lara,"Toronto, Canada",276-319-4768,1,1,0
621,Kiana.Carter@example.com,Kiana Carter,"San Diego, USA",219-142-7516,0,1,0
622,Alexa.Baird@example.com,Alexa Baird,"San Francisco, USA",604-771-4056,0,1,0
623,Ronald.Estes@example.com,Ronald Estes,"Chicago, USA",328-873-2183,0,1,0
624,Nia.Adams@example.com,Nia Adams,"San Diego, USA",520-550-1148,1,1,1
625,Diane.Kelly@example.com,Diane Kelly,"Montreal, Canada",219-449-5089,1,1,0
626,Phoenix.Chapman@example.com,Phoenix Chapman,"Los Angeles, USA",791-853-6464,1,1,1
627,Everly.Key@example.com,Everly Key,"New York, USA",152-557-5017,0,1,0
629,Mae.Castro@example.com,Mae Castro,"San Francisco, USA",714-485-2518,0,1,1
630,Harold.Sharpe@example.com,Harold Sharpe,"New York, USA",646-622-1082,1,0,1
631,Brooklyn.Fowler@example.com,Brooklyn Fowler,"San Francisco, USA",933-501-9509,1,1,1
632,Enya.Chen@example.com,Enya Chen,"Los Angeles, USA",266-343-6530,1,1,0
633,Luisa.Fisher@example.com,Luisa Fisher,"San Diego, USA",510-167-1940,0,1,0
634,Elodie.Flores@example.com,Elodie Flores,"San Francisco, USA",565-243-9336,1,0,1
635,Hazel.Yoder@example.com,Hazel Yoder,"London, United Kingdom",839-203-3903,1,0,0
636,Amber.Gonzalez@example.com,Amber Gonzalez,"London, United Kingdom",884-628-1984,0,0,1
637,Juliet.Buck@example.com,Juliet Buck,"San Francisco, USA",499-242-5191,1,1,0
638,Jamie.Berg@example.com,Jamie Berg,"Los Angeles, USA",397-515-6866,0,0,1
639,Stella.Wilkinson@example.com,Stella Wilkinson,"Los Angeles, USA",145-501-4975,1,1,0
640,Nadia.Wyatt@example.com,Nadia Wyatt,"San Diego, USA",277-573-9871,1,1,1
641,Kacie.Morse@example.com,Kacie Morse,"Toronto, Canada",108-917-7237,1,1,1
642,Seth.Walter@example.com,Seth Walter,"London, United Kingdom",988-932-7592,0,1,0
643,Lauren.Ashley@example.com,Lauren Ashley,"London, United Kingdom",564-133-8260,0,1,1
644,Wilfred.Michael@example.com,Wilfred Michael,"Chicago, USA",632-902-2453,0,1,0
645,Gary.Richards@example.com,Gary Richards,"Toronto, Canada",970-902-7934,1,1,0
646,Brittney.Ruiz@example.com,Brittney Ruiz,"San Francisco, USA",259-940-6592,0,1,1
647,Jaxson.Moss@example.com,Jaxson Moss,"San Francisco, USA",499-701-5813,1,1,0
648,Luna.Levy@example.com,Luna Levy,"San Francisco, USA",855-484-1981,1,1,1
651,Jamil.Maldonado@example.com,Jamil Maldonado,"New York, USA",424-799-2220,1,0,1
652,Dillon.Johnston@example.com,Dillon Johnston,"New York, USA",732-904-7872,0,0,1
653,Lilli.Bowman@example.com,Lilli Bowman,"New York, USA",551-867-4367,0,1,0
654,Dexter.Hartley@example.com,Dexter Hartley,"San Diego, USA",582-489-4208,0,1,0
655,Hari.Everett@example.com,Hari Everett,"San Francisco, USA",487-669-8884,0,1,1
656,Tomos.Velez@example.com,Tomos Velez,"Los Angeles, USA",233-661-3978,1,0,1
657,Abu.Delacruz@example.com,Abu Delacruz,"New York, USA",401-411-2184,1,1,0
658,Syeda.Calhoun@example.com,Syeda Calhoun,"Chicago, USA",738-680-1717,0,0,1
659,Oliwier.Gill@example.com,Oliwier Gill,"San Diego, USA",902-175-4864,1,1,1
660,Zayn.Kaufman@example.com,Zayn Kaufman,"Chicago, USA",893-890-8415,0,1,1
661,Vera.Walker@example.com,Vera Walker,"London, United Kingdom",516-811-2158,0,1,1
662,Anthony.Mccullough@example.com,Anthony Mccullough,"Chicago, USA",330-176-2600,0,0,1
663,Rowan.Acevedo@example.com,Rowan Acevedo,"Los Angeles, USA",223-620-9032,0,1,1
664,Zara.Oconnell@example.com,Zara Oconnell,"Toronto, Canada",543-537-6044,1,0,0
665,Lucia.Cisneros@example.com,Lucia Cisneros,"San Francisco, USA",470-574-7167,1,1,1
666,Julius.Donnelly@example.com,Julius Donnelly,"San Francisco, USA",733-325-2658,1,0,1
667,Theresa.Bentley@example.com,Theresa Bentley,"San Francisco, USA",553-407-1049,1,0,0
668,Joshua.Bonner@example.com,Joshua Bonner,"San Francisco, USA",550-710-1849,0,0,1
669,Abdirahman.Marsh@example.com,Abdirahman Marsh,"Toronto, Canada",653-601-4374,0,1,0
670,Jacob.Patton@example.com,Jacob Patton,"San Diego, USA",914-260-3945,1,1,1
671,Alexander.Terry@example.com,Alexander Terry,"New York, USA",480-560-1876,1,1,1
672,Kane.Huff@example.com,Kane Huff,"Chicago, USA",417-611-9319,0,0,1
673,Sapphire.Hatfield@example.com,Sapphire Hatfield,"San Francisco, USA",564-357-3504,1,1,1
674,Mahir.Cooper@example.com,Mahir Cooper,"San Francisco, USA",829-570-7880,0,0,1
675,Tom.Tapia@example.com,Tom Tapia,"Chicago, USA",439-227-1780,0,0,1
676,Oliwia.Harvey@example.com,Oliwia Harvey,"San Francisco, USA",143-701-8741,0,0,1
677,Kelvin.Hendricks@example.com,Kelvin Hendricks,"San Diego, USA",767-726-4455,1,0,0
678,Mustafa.Mason@example.com,Mustafa Mason,"Los Angeles, USA",866-179-9539,0,1,0
679,Gabriela.Norton@example.com,Gabriela Norton,"Chicago, USA",138-968-6467,1,0,0
680,Esha.Zuniga@example.com,Esha Zuniga,"Los Angeles, USA",807-517-9078,0,1,1
681,Lucas.Burke@example.com,Lucas Burke,"Toronto, Canada",321-512-2703,0,1,1
682,Laura.Valdez@example.com,Laura Valdez,"Los Angeles, USA",766-901-1157,1,1,1
683,Irene.Kim@example.com,Irene Kim,"San Francisco, USA",946-883-2145,0,1,0
684,Raheem.Ellis@example.com,Raheem Ellis,"Chicago, USA",491-961-7709,0,1,1
685,Lisa.Mcclain@example.com,Lisa Mcclain,"New York, USA",518-968-9659,1,0,0
686,Mohamed.Miller@example.com,Mohamed Miller,"San Diego, USA",883-481-7339,1,1,1
687,Thea.Suarez@example.com,Thea Suarez,"Toronto, Canada",647-211-7337,1,1,1
688,Leighton.Crane@example.com,Leighton Crane,"Los Angeles, USA",372-753-5586,0,0,1
689,Kayla.Jones@example.com,Kayla Jones,"London, United Kingdom",579-756-1305,1,1,0
690,Jessie.Noble@example.com,Jessie Noble,"San Francisco, USA",557-354-5286,0,1,0
692,Azaan.Barker@example.com,Azaan Barker,"New York, USA",326-267-7811,1,1,1
693,Jayden.Dunlap@example.com,Jayden Dunlap,"New York, USA",626-458-8110,1,1,0
694,Richard.Pope@example.com,Richard Pope,"Los Angeles, USA",216-184-3684,1,1,1
695,Xander.Levine@example.com,Xander Levine,"Toronto, Canada",790-969-1579,0,1,1
696,Anais.Pineda@example.com,Anais Pineda,"New York, USA",609-304-3412,1,0,0
697,Donald.Horne@example.com,Donald Horne,"San Francisco, USA",738-911-3567,1,1,0
698,Arjun.Dejesus@example.com,Arjun Dejesus,"Chicago, USA",693-790-8692,0,1,0
699,Jonathan.Klein@example.com,Jonathan Klein,"Los Angeles, USA",495-419-4637,0,0,1
700,Dante.Burgess@example.com,Dante Burgess,"San Diego, USA",222-241-4261,1,0,1
701,Tamsin.Stein@example.com,Tamsin Stein,"Los Angeles, USA",953-386-1321,1,1,0
702,Brayden.Patrick@example.com,Brayden Patrick,"Los Angeles, USA",173-881-1582,1,0,1
703,Wade.Hancock@example.com,Wade Hancock,"London, United Kingdom",245-455-9119,1,1,1
704,Nicholas.Thomson@example.com,Nicholas Thomson,"Toronto, Canada",936-615-3052,0,1,0
705,Vincent.Garrison@example.com,Vincent Garrison,"Chicago, USA",598-173-8153,0,1,0
706,Elisha.Garza@example.com,Elisha Garza,"Los Angeles, USA",313-206-2033,1,1,1
708,Enzo.Whitney@example.com,Enzo Whitney,"Chicago, USA",565-709-5636,1,1,1
709,Stacey.Daniel@example.com,Stacey Daniel,"San Diego, USA",246-819-8817,1,0,0
710,Candice.Moyer@example.com,Candice Moyer,"San Francisco, USA",964-229-5609,1,1,0
711,Calvin.Tucker@example.com,Calvin Tucker,"San Diego, USA",338-784-4359,0,1,0
712,Bronte.Mendoza@example.com,Bronte Mendoza,"Toronto, Canada",323-783-6615,1,1,0
713,Ameer.Orr@example.com,Ameer Orr,"Chicago, USA",993-387-9130,1,0,1
714,Isla.Barber@example.com,Isla Barber,"Toronto, Canada",860-505-2643,0,1,0
716,Barnaby.Wagner@example.com,Barnaby Wagner,"Montreal, Canada",974-500-4168,0,0,1
717,Barry.Taylor@example.com,Barry Taylor,"San Francisco, USA",999-341-2797,0,0,1
718,Esme.Reeves@example.com,Esme Reeves,"Chicago, USA",151-285-9583,0,0,1
719,Marnie.White@example.com,Marnie White,"San Francisco, USA",267-434-1395,1,0,0
720,Giovanni.Duncan@example.com,Giovanni Duncan,"New York, USA",679-161-6360,0,1,1
721,Hannah.Roman@example.com,Hannah Roman,"London, United Kingdom",331-750-4621,0,1,0
722,Nannie.Hunt@example.com,Nannie Hunt,"Chicago, USA",290-190-1157,1,0,1
723,Yash.Mcleod@example.com,Yash Mcleod,"London, United Kingdom",270-525-3291,1,0,0
724,Mae.Barry@example.com,Mae Barry,"London, United Kingdom",501-577-5306,0,1,0
725,Dylan.York@example.com,Dylan York,"Chicago, USA",832-799-7454,0,1,0
726,Aya.Weeks@example.com,Aya Weeks,"Toronto, Canada",466-888-7144,1,1,0
727,Dawn.Cisneros@example.com,Dawn Cisneros,"Toronto, Canada",375-337-2745,0,0,1
728,Rohan.Figueroa@example.com,Rohan Figueroa,"New York, USA",542-617-7442,1,0,0
729,Abigail.Medina@example.com,Abigail Medina,"London, United Kingdom",857-602-1192,1,0,1
730,Rhodri.Haley@example.com,Rhodri Haley,"London, United Kingdom",574-869-4715,0,1,0
731,Denzel.Black@example.com,Denzel Black,"San Francisco, USA",677-290-8939,1,0,1
732,Sienna.Howard@example.com,Sienna Howard,"Los Angeles, USA",835-486-5256,0,0,1
733,Fahad.Gill@example.com,Fahad Gill,"Chicago, USA",796-816-9963,1,1,0
734,Harun.Clark@example.com,Harun Clark,"San Francisco, USA",853-267-3048,1,0,0
735,Shane.Wheeler@example.com,Shane Wheeler,"Los Angeles, USA",315-892-7127,1,1,0
737,Kiara.Bell@example.com,Kiara Bell,"San Francisco, USA",614-291-6530,1,1,0
738,Gertrude.Mcgrath@example.com,Gertrude Mcgrath,"Toronto, Canada",364-150-1035,1,1,0
739,Lewis.Brooks@example.com,Lewis Brooks,"New York, USA",737-205-4525,0,1,1
740,Khalid.Burke@example.com,Khalid Burke,"Chicago, USA",973-766-4810,0,1,0
742,Kieran.Hoover@example.com,Kieran Hoover,"New York, USA",101-165-2021,1,0,1
743,Wendy.Mcclure@example.com,Wendy Mcclure,"San Diego, USA",830-402-9784,1,0,0
744,Haydn.Ramos@example.com,Haydn Ramos,"Los Angeles, USA",354-376-9233,1,1,0
745,Nettie.Bryan@example.com,Nettie Bryan,"Chicago, USA",274-274-8873,0,0,1
746,Isabelle.Jenkins@example.com,Isabelle Jenkins,"San Diego, USA",724-444-3001,1,1,0
747,Tia.Ali@example.com,Tia Ali,"San Francisco, USA",507-663-5326,1,0,0
748,Montgomery.Davila@example.com,Montgomery Davila,"New York, USA",267-999-7224,1,0,1
749,Tobias.Beltran@example.com,Tobias Beltran,"Chicago, USA",598-751-1029,0,1,1
750,Yusuf.Dickerson@example.com,Yusuf Dickerson,"San Francisco, USA",502-896-9441,1,0,0
751,Holly.Dillon@example.com,Holly Dillon,"San Diego, USA",662-944-2078,0,0,1
752,Marwa.Dennis@example.com,Marwa Dennis,"Chicago, USA",444-295-8051,0,1,0
753,Anais.Ball@example.com,Anais Ball,"San Diego, USA",802-416-6545,0,1,1
754,Adem.Kerr@example.com,Adem Kerr,"Toronto, Canada",219-873-6077,0,1,0
755,Amie.Hood@example.com,Amie Hood,"Los Angeles, USA",659-426-4878,1,0,0
756,Herbie.Huber@example.com,Herbie Huber,"New York, USA",562-925-1087,1,1,0
757,Bill.Andersen@example.com,Bill Andersen,"Toronto, Canada",962-770-1270,1,1,0
758,Halima.Maldonado@example.com,Halima Maldonado,"San Francisco, USA",831-743-6220,1,1,0
760,Bertie.Cobb@example.com,Bertie Cobb,"San Francisco, USA",171-373-6091,0,0,1
761,Gordon.Morales@example.com,Gordon Morales,"Chicago, USA",973-462-1199,1,0,1
762,Frederick.Everett@example.com,Frederick Everett,"San Francisco, USA",262-696-7077,1,0,1
763,Huda.Crane@example.com,Huda Crane,"Toronto, Canada",243-321-6881,1,0,1
764,Cecily.Escobar@example.com,Cecily Escobar,"New York, USA",840-532-1467,0,0,1
765,Amir.Blackwell@example.com,Amir Blackwell,"San Francisco, USA",291-386-7567,0,0,1
766,Sasha.Berger@example.com,Sasha Berger,"London, United Kingdom",492-295-4570,1,0,0
767,Lina.Trujillo@example.com,Lina Trujillo,"San Francisco, USA",351-538-5203,0,0,1
768,Caleb.Obrien@example.com,Caleb Obrien,"Toronto, Canada",223-387-1014,1,1,0
769,Marilyn.Scott@example.com,Marilyn Scott,"San Francisco, USA",360-359-2274,1,1,1
770,Jannat.Landry@example.com,Jannat Landry,"Los Angeles, USA",754-634-9309,1,1,1
771,Kristen.Curry@example.com,Kristen Curry,"San Francisco, USA",473-371-9332,0,0,1
772,Rajan.Dickson@example.com,Rajan Dickson,"San Diego, USA",372-775-6929,1,0,0
773,Luqman.Larson@example.com,Luqman Larson,"San Francisco, USA",100-329-7363,1,1,0
774,Bryan.Powell@example.com,Bryan Powell,"San Francisco, USA",235-538-4936,1,0,0
775,Haider.Lynn@example.com,Haider Lynn,"San Francisco, USA",796-196-9713,0,0,1
776,Jennie.Freeman@example.com,Jennie Freeman,"Chicago, USA",396-732-6980,0,0,1
777,Mohsin.Conley@example.com,Mohsin Conley,"San Francisco, USA",979-201-3101,1,0,0
778,Willow.Buck@example.com,Willow Buck,"San Francisco, USA",472-603-6198,1,1,1
779,Krish.Hutchinson@example.com,Krish Hutchinson,"London, United Kingdom",405-788-7051,1,1,1
780,Madeline.Mann@example.com,Madeline Mann,"New York, USA",441-188-5776,0,1,0
781,Mari.Phillips@example.com,Mari Phillips,"Los Angeles, USA",301-646-5827,0,1,1
782,Paula.West@example.com,Paula West,"London, United Kingdom",345-217-2266,0,1,0
783,Saira.Lewis@example.com,Saira Lewis,"New York, USA",921-562-9790,0,1,0
784,Tiana.Decker@example.com,Tiana Decker,"London, United Kingdom",255-136-3687,0,1,1
786,Earl.Vargas@example.com,Earl Vargas,"San Francisco, USA",821-464-7474,0,0,1
787,Delilah.Wu@example.com,Delilah Wu,"Los Angeles, USA",668-572-6520,0,1,0
789,Lloyd.Wise@example.com,Lloyd Wise,"San Francisco, USA",521-580-3829,0,1,0
790,Alex.Alexander@example.com,Alex Alexander,"San Francisco, USA",489-290-8290,1,1,0
791,Aoife.Davidson@example.com,Aoife Davidson,"London, United Kingdom",628-333-9139,1,0,0
792,Emilie.Frye@example.com,Emilie Frye,"San Francisco, USA",193-516-9014,0,1,0
793,Elif.Hopkins@example.com,Elif Hopkins,"New York, USA",953-491-9939,0,1,0
794,Hazel.Watson@example.com,Hazel Watson,"New York, USA",349-725-3565,1,0,1
795,Jonathan.David@example.com,Jonathan David,"San Francisco, USA",815-636-7913,0,0,1
796,Robbie.Hardy@example.com,Robbie Hardy,"Chicago, USA",950-716-3630,1,0,0
797,Lilian.Strickland@example.com,Lilian Strickland,"Toronto, Canada",925-438-1993,1,0,1
799,Richard.Jones@example.com,Richard Jones,"San Francisco, USA",478-814-3941,0,1,1
800,Olivier.Thornton@example.com,Olivier Thornton,"Montreal, Canada",401-494-6634,1,1,1
801,Gabriel.Mccormick@example.com,Gabriel Mccormick,"New York, USA",903-845-9623,0,0,1
802,Eleni.Maxwell@example.com,Eleni Maxwell,"San Diego, USA",449-237-4755,1,0,0
803,Susan.Fowler@example.com,Susan Fowler,"San Diego, USA",305-117-8580,1,1,0
804,Amin.Petersen@example.com,Amin Petersen,"London, United Kingdom",680-177-1233,0,0,1
805,Gareth.Sanford@example.com,Gareth Sanford,"Chicago, USA",161-842-7749,1,0,0
806,Miriam.Stuart@example.com,Miriam Stuart,"Montreal, Canada",846-333-2100,1,1,1
807,Polly.Mendez@example.com,Polly Mendez,"San Francisco, USA",916-453-8696,1,1,0
808,Omer.Kemp@example.com,Omer Kemp,"San Francisco, USA",857-531-3045,1,0,1
809,Abdullahi.Carson@example.com,Abdullahi Carson,"Toronto, Canada",632-547-8327,1,1,1
810,Syed.Mooney@example.com,Syed Mooney,"San Francisco, USA",348-929-4959,0,1,1
811,Dante.Moon@example.com,Dante Moon,"New York, USA",285-551-6208,1,1,1
812,Saad.Ali@example.com,Saad Ali,"San Francisco, USA",185-189-3978,0,1,0
813,Arthur.Hebert@example.com,Arthur Hebert,"New York, USA",203-343-2956,1,0,0
814,Demi.Patel@example.com,Demi Patel,"Los Angeles, USA",703-829-8473,1,0,1
815,Aurora.Andrews@example.com,Aurora Andrews,"San Diego, USA",353-307-2005,0,0,1
817,Renee.Mullen@example.com,Renee Mullen,"San Diego, USA",185-170-8307,1,0,1
818,Alexander.Reid@example.com,Alexander Reid,"Montreal, Canada",842-314-3728,0,1,1
819,Dewey.Lucas@example.com,Dewey Lucas,"San Francisco, USA",323-234-9528,0,1,0
820,Wilbur.Hicks@example.com,Wilbur Hicks,"San Diego, USA",979-216-9924,1,0,0
821,Riley.Fletcher@example.com,Riley Fletcher,"London, United Kingdom",522-750-5985,1,0,0
822,Marissa.Hayes@example.com,Marissa Hayes,"San Francisco, USA",365-359-3043,1,1,1
823,Juliette.Gordon@example.com,Juliette Gordon,"Chicago, USA",424-534-2837,1,0,1
824,Dan.Bates@example.com,Dan Bates,"San Francisco, USA",944-189-5693,0,0,1
825,Chiara.Ho@example.com,Chiara Ho,"Montreal, Canada",279-331-5254,0,1,0
826,Sinead.Montes@example.com,Sinead Montes,"New York, USA",711-829-6800,1,0,0
827,Laurence.Graves@example.com,Laurence Graves,"Los Angeles, USA",609-435-5709,0,0,1
828,Nora.Donaldson@example.com,Nora Donaldson,"San Diego, USA",414-618-5713,1,1,1
829,Ismaeel.Schmidt@example.com,Ismaeel Schmidt,"Los Angeles, USA",110-478-3409,0,1,0
830,Adem.Mccoy@example.com,Adem Mccoy,"San Francisco, USA",885-779-4082,1,1,1
831,Angel.Browning@example.com,Angel Browning,"Los Angeles, USA",768-205-1455,0,0,1
832,Mabel.Foley@example.com,Mabel Foley,"New York, USA",417-857-9143,0,0,1
833,Hayley.Montoya@example.com,Hayley Montoya,"New York, USA",672-566-6794,0,0,1
834,Arnold.Spencer@example.com,Arnold Spencer,"San Francisco, USA",962-701-8237,0,1,1
835,Russell.Carlson@example.com,Russell Carlson,"San Francisco, USA",635-758-7564,1,0,1
836,Sasha.Ponce@example.com,Sasha Ponce,"New York, USA",746-650-5343,1,1,0
837,Izaak.Welsh@example.com,Izaak Welsh,"Los Angeles, USA",280-473-9965,1,1,1
838,Aisha.Sosa@example.com,Aisha Sosa,"New York, USA",964-448-9785,0,1,0
839,Keeley.Mills@example.com,Keeley Mills,"New York, USA",123-972-2938,0,0,1
840,Mason.Kelley@example.com,Mason Kelley,"San Francisco, USA",185-970-1196,1,0,1
841,Khalid.Davies@example.com,Khalid Davies,"San Francisco, USA",191-582-9251,0,0,1
842,Nancy.Blair@example.com,Nancy Blair,"Toronto, Canada",434-174-7916,0,1,1
844,Marnie.Sheppard@example.com,Marnie Sheppard,"Los Angeles, USA",576-261-4653,0,0,1
845,Valerie.Bright@example.com,Valerie Bright,"Los Angeles, USA",838-333-3237,0,1,0
846,John.Mason@example.com,John Mason,"San Diego, USA",768-888-3211,1,0,1
847,Hamish.Khan@example.com,Hamish Khan,"Los Angeles, USA",609-154-4773,0,0,1
848,Charis.Bray@example.com,Charis Bray,"Los Angeles, USA",175-925-8526,1,0,1
849,Soraya.Bradford@example.com,Soraya Bradford,"Chicago, USA",951-513-3667,0,0,1
850,Taylor.Woods@example.com,Taylor Woods,"Chicago, USA",294-365-8364,1,1,1
851,Eshal.Carpenter@example.com,Eshal Carpenter,"Chicago, USA",918-191-3394,1,0,1
852,Evelyn.Cross@example.com,Evelyn Cross,"San Francisco, USA",312-643-8868,0,1,0
853,Chester.Bell@example.com,Chester Bell,"New York, USA",501-541-1518,0,1,0
854,Ffion.Knight@example.com,Ffion Knight,"San Diego, USA",233-159-4158,0,1,0
855,Yaseen.Kennedy@example.com,Yaseen Kennedy,"Chicago, USA",778-172-1502,1,1,1
856,Maisie.Cunningham@example.com,Maisie Cunningham,"Los Angeles, USA",389-110-9784,0,1,1
857,Clementine.Beck@example.com,Clementine Beck,"San Diego, USA",607-793-6646,0,1,1
859,Sameer.Watkins@example.com,Sameer Watkins,"Montreal, Canada",982-313-9358,0,0,1
860,Anton.Hartman@example.com,Anton Hartman,"London, United Kingdom",708-986-9234,1,1,1
861,Deacon.Boone@example.com,Deacon Boone,"New York, USA",950-335-6994,1,1,1
862,Alexandros.Ryan@example.com,Alexandros Ryan,"Los Angeles, USA",849-570-8792,1,1,1
863,Mya.Delgado@example.com,Mya Delgado,"London, United Kingdom",760-931-9269,0,1,0
864,Asia.Holloway@example.com,Asia Holloway,"Los Angeles, USA",512-876-7834,0,0,1
865,Christina.Blanchard@example.com,Christina Blanchard,"New York, USA",420-887-3636,0,0,1
866,Emelia.Bridges@example.com,Emelia Bridges,"San Diego, USA",347-640-5509,1,0,1
867,Ioan.Harrington@example.com,Ioan Harrington,"San Diego, USA",803-120-2281,0,1,0
868,Cecilia.David@example.com,Cecilia David,"New York, USA",919-925-5280,1,1,1
870,Stacey.Manning@example.com,Stacey Manning,"Los Angeles, USA",981-952-6391,1,0,0
871,Ronnie.Burch@example.com,Ronnie Burch,"San Diego, USA",184-620-1928,0,1,1
873,Luke.Graham@example.com,Luke Graham,"San Diego, USA",132-159-2485,1,0,0
874,Alasdair.Mckinney@example.com,Alasdair Mckinney,"Montreal, Canada",608-300-8331,1,0,1
875,Cayden.Walls@example.com,Cayden Walls,"San Francisco, USA",355-649-8007,1,0,1
876,Serena.Lewis@example.com,Serena Lewis,"Montreal, Canada",730-187-7131,1,1,1
877,Drew.Orozco@example.com,Drew Orozco,"San Diego, USA",531-709-2553,0,1,0
878,Mateo.Francis@example.com,Mateo Francis,"Los Angeles, USA",508-390-8347,0,1,0
879,Lucy.Fuentes@example.com,Lucy Fuentes,"New York, USA",427-948-5524,1,0,1
880,Pippa.Harding@example.com,Pippa Harding,"Chicago, USA",419-183-4778,0,0,1
881,Kathleen.Carter@example.com,Kathleen Carter,"San Francisco, USA",210-798-9930,0,1,0
882,Josie.Holt@example.com,Josie Holt,"Los Angeles, USA",745-483-6160,0,0,1
883,Daniela.James@example.com,Daniela James,"San Francisco, USA",716-145-3987,0,1,0
884,Randy.Sparks@example.com,Randy Sparks,"New York, USA",339-468-1078,0,1,0
885,Omar.Ashley@example.com,Omar Ashley,"Los Angeles, USA",156-912-7263,0,1,0
886,Zachary.Lawson@example.com,Zachary Lawson,"San Diego, USA",655-475-1852,0,0,1
887,Samson.Berger@example.com,Samson Berger,"San Francisco, USA",815-817-9902,1,1,1
888,Liana.Baldwin@example.com,Liana Baldwin,"San Diego, USA",736-366-9050,1,0,0
889,Lucas.Mcdowell@example.com,Lucas Mcdowell,"Chicago, USA",841-580-6320,1,0,1
890,Ahmad.Landry@example.com,Ahmad Landry,"Los Angeles, USA",207-841-9893,0,0,1
891,Cordelia.Serrano@example.com,Cordelia Serrano,"London, United Kingdom",950-319-1013,1,0,1
892,Sydney.Pratt@example.com,Sydney Pratt,"Toronto, Canada",297-838-1084,0,1,1
893,Benjamin.Riddle@example.com,Benjamin Riddle,"Toronto, Canada",835-645-8652,1,0,1
894,Kyran.Foster@example.com,Kyran Foster,"Chicago, USA",362-464-9875,0,1,1
895,Kamil.Guzman@example.com,Kamil Guzman,"San Francisco, USA",641-829-6099,0,1,1
896,Jordanne.Juarez@example.com,Jordanne Juarez,"San Francisco, USA",376-601-8743,0,1,0
897,Zoe.Decker@example.com,Zoe Decker,"Los Angeles, USA",197-454-9658,0,1,1
899,Frankie.Jenkins@example.com,Frankie Jenkins,"San Francisco, USA",301-409-5419,0,0,1
900,Zane.Oconnor@example.com,Zane Oconnor,"Chicago, USA",108-772-5524,0,0,1
901,Lily-May.Horne@example.com,Lily-May Horne,"Los Angeles, USA",564-761-8451,0,1,0
902,Mitchell.Murray@example.com,Mitchell Murray,"San Francisco, USA",939-709-6815,1,1,0
903,Dominik.Velez@example.com,Dominik Velez,"San Francisco, USA",149-740-6115,1,1,0
905,Cory.Case@example.com,Cory Case,"London, United Kingdom",406-161-3681,1,0,0
907,Samia.Bradley@example.com,Samia Bradley,"San Diego, USA",363-816-6259,0,1,1
908,Nataniel.Glenn@example.com,Nataniel Glenn,"Los Angeles, USA",504-112-5228,1,1,1
909,Tyler.Vasquez@example.com,Tyler Vasquez,"London, United Kingdom",899-668-7177,0,1,0
910,Everly.Chaney@example.com,Everly Chaney,"San Francisco, USA",184-294-5435,0,0,1
911,Sapphire.Lane@example.com,Sapphire Lane,"Chicago, USA",847-138-8647,1,1,0
912,Junaid.Fletcher@example.com,Junaid Fletcher,"Los Angeles, USA",677-571-4277,0,1,1
913,Ricardo.Odling@example.com,Ricardo Odling,"New York, USA",218-272-9415,1,1,0
914,Nancy.Sharp@example.com,Nancy Sharp,"Los Angeles, USA",723-866-1140,0,0,1
915,Barry.Buck@example.com,Barry Buck,"San Francisco, USA",667-391-6777,1,1,1
916,Mya.Ho@example.com,Mya Ho,"San Francisco, USA",448-770-8204,0,1,1
917,Carol.Russo@example.com,Carol Russo,"Toronto, Canada",192-156-9508,1,0,1
918,William.Franco@example.com,William Franco,"Toronto, Canada",196-468-3312,1,1,0
919,Ayesha.Underwood@example.com,Ayesha Underwood,"San Francisco, USA",687-284-9762,1,1,1
920,Kamil.Bernard@example.com,Kamil Bernard,"San Francisco, USA",400-528-1349,0,0,1
921,Hollie.Escobar@example.com,Hollie Escobar,"London, United Kingdom",978-312-6279,1,1,1
923,Russell.Long@example.com,Russell Long,"Montreal, Canada",399-959-7203,1,1,1
924,Kendra.Francis@example.com,Kendra Francis,"San Francisco, USA",680-603-3144,1,0,0
925,Yasmine.Scott@example.com,Yasmine Scott,"San Diego, USA",300-321-6761,0,0,1
926,Ann.John@example.com,Ann John,"San Francisco, USA",814-362-6094,0,1,1
927,Alejandro.Kent@example.com,Alejandro Kent,"Chicago, USA",915-320-3214,1,1,0
928,Hanna.Knight@example.com,Hanna Knight,"San Diego, USA",249-198-1689,1,1,0
929,Alannah.Perkins@example.com,Alannah Perkins,"Chicago, USA",705-521-6039,1,1,0
930,Christina.Mays@example.com,Christina Mays,"San Francisco, USA",333-143-8841,1,0,1
931,Tori.Rowland@example.com,Tori Rowland,"San Diego, USA",372-470-9101,1,1,0
932,Ayden.Valentine@example.com,Ayden Valentine,"San Francisco, USA",208-392-1702,1,0,1
933,Kaine.Blankenship@example.com,Kaine Blankenship,"San Diego, USA",294-274-7917,1,1,0
934,Alessandro.French@example.com,Alessandro French,"San Diego, USA",216-516-1958,1,0,1
935,Chloe.Mullen@example.com,Chloe Mullen,"New York, USA",723-357-7363,1,0,0
936,Ted.Wiggins@example.com,Ted Wiggins,"San Diego, USA",153-176-3641,1,0,0
937,Nina.Mathews@example.com,Nina Mathews,"New York, USA",863-385-2205,0,1,0
938,Alisha.Hoover@example.com,Alisha Hoover,"San Diego, USA",500-251-7080,1,0,0
939,Alyssa.Bradshaw@example.com,Alyssa Bradshaw,"San Diego, USA",606-353-8050,1,0,1
940,Marilyn.Hart@example.com,Marilyn Hart,"Los Angeles, USA",635-581-5074,1,1,1
941,Connor.Neal@example.com,Connor Neal,"Chicago, USA",189-827-7386,1,0,1
942,Cai.Rowe@example.com,Cai Rowe,"New York, USA",263-391-9368,1,0,1
943,Delores.Carroll@example.com,Delores Carroll,"Chicago, USA",778-532-2184,0,1,0
944,Hiba.Hicks@example.com,Hiba Hicks,"Chicago, USA",640-390-3390,1,1,0
945,Elisha.Owens@example.com,Elisha Owens,"Los Angeles, USA",195-699-1871,0,1,0
946,Lacie.Mayer@example.com,Lacie Mayer,"Toronto, Canada",412-562-8215,1,1,0
947,Isra.Burgess@example.com,Isra Burgess,"San Diego, USA",142-470-3907,1,0,1
948,Kobe.Knapp@example.com,Kobe Knapp,"Los Angeles, USA",911-288-9695,0,1,1
949,Sufyaan.Villanueva@example.com,Sufyaan Villanueva,"Toronto, Canada",882-282-1419,1,0,0
950,Meredith.Reyes@example.com,Meredith Reyes,"New York, USA",680-737-7650,1,0,0
951,Chelsea.Proctor@example.com,Chelsea Proctor,"Chicago, USA",256-560-3458,0,0,1
952,Humaira.Quinn@example.com,Humaira Quinn,"London, United Kingdom",623-887-1255,0,0,1
953,Zaynab.Davila@example.com,Zaynab Davila,"Toronto, Canada",767-906-5124,0,1,0
954,Aston.Villegas@example.com,Aston Villegas,"Los Angeles, USA",553-640-6714,1,0,1
955,Stuart.Clements@example.com,Stuart Clements,"New York, USA",104-221-4124,1,1,1
956,Zakariya.Stuart@example.com,Zakariya Stuart,"Los Angeles, USA",192-776-4957,0,0,1
957,Effie.Jordan@example.com,Effie Jordan,"San Francisco, USA",778-566-2709,0,1,1
958,Luna.Fowler@example.com,Luna Fowler,"Los Angeles, USA",137-365-6816,1,1,1
959,Haydn.Contreras@example.com,Haydn Contreras,"Chicago, USA",694-921-2135,0,1,1
960,Lewis.Mcmahon@example.com,Lewis Mcmahon,"San Francisco, USA",682-426-4872,1,0,0
961,Tobias.Schultz@example.com,Tobias Schultz,"Los Angeles, USA",995-854-2821,0,1,1
963,Billy.Norton@example.com,Billy Norton,"Chicago, USA",816-614-5153,1,0,0
964,Colby.Harding@example.com,Colby Harding,"San Francisco, USA",584-554-7060,1,1,1
965,Renee.Arroyo@example.com,Renee Arroyo,"Los Angeles, USA",706-663-4493,0,1,1
966,Marjorie.Munoz@example.com,Marjorie Munoz,"Los Angeles, USA",385-637-4138,1,0,0
967,Emilio.Stevenson@example.com,Emilio Stevenson,"Toronto, Canada",293-399-2353,1,0,0
968,Roosevelt.Huff@example.com,Roosevelt Huff,"New York, USA",348-716-1274,1,0,1
969,Layla.Roth@example.com,Layla Roth,"Montreal, Canada",812-207-8855,1,1,0
970,Qasim.Bullock@example.com,Qasim Bullock,"Chicago, USA",392-468-4297,1,1,1
971,Kyran.Duncan@example.com,Kyran Duncan,"New York, USA",433-632-3326,1,0,1
972,Rhiannon.Vaughan@example.com,Rhiannon Vaughan,"Chicago, USA",206-626-6238,1,1,0
973,Jean.Winters@example.com,Jean Winters,"San Diego, USA",526-938-2752,1,0,1
974,Jared.Hamilton@example.com,Jared Hamilton,"New York, USA",642-707-7765,1,0,0
975,Zachary.Rubio@example.com,Zachary Rubio,"Montreal, Canada",971-477-1542,1,1,1
976,Marnie.Mayo@example.com,Marnie Mayo,"San Diego, USA",725-331-2757,1,0,0
978,Zain.Haney@example.com,Zain Haney,"New York, USA",206-514-3761,0,0,1
979,Myrtle.Bradford@example.com,Myrtle Bradford,"San Diego, USA",960-593-3677,1,1,0
980,Kacie.Lester@example.com,Kacie Lester,"Toronto, Canada",673-651-6332,1,0,0
981,Gwen.Norris@example.com,Gwen Norris,"San Diego, USA",699-606-9952,1,1,0
982,Myles.Sharpe@example.com,Myles Sharpe,"Toronto, Canada",420-682-4722,0,1,0
983,Nicola.Davenport@example.com,Nicola Davenport,"Toronto, Canada",335-679-5225,0,1,1
984,Adrian.Joseph@example.com,Adrian Joseph,"Chicago, USA",808-456-6071,1,1,1
985,Lloyd.Robbins@example.com,Lloyd Robbins,"London, United Kingdom",603-494-3648,0,1,1
986,Rosanna.Dyer@example.com,Rosanna Dyer,"Los Angeles, USA",512-600-6692,0,1,0
988,Cain.Robertson@example.com,Cain Robertson,"New York, USA",375-525-5823,0,1,1
989,Leyla.Finley@example.com,Leyla Finley,"New York, USA",743-377-7767,0,1,1
990,Juliette.Luna@example.com,Juliette Luna,"New York, USA",782-806-6417,0,1,0
991,Marion.Webster@example.com,Marion Webster,"Toronto, Canada",169-218-9165,0,1,1
992,Sebastian.Pierce@example.com,Sebastian Pierce,"Chicago, USA",947-717-1440,1,1,1
993,Jayson.Sutton@example.com,Jayson Sutton,"Montreal, Canada",289-775-9088,0,1,1
994,Inaaya.Bruce@example.com,Inaaya Bruce,"London, United Kingdom",780-773-8755,1,0,1
995,Raja.Reeves@example.com,Raja Reeves,"Montreal, Canada",990-569-7356,1,1,0
996,Maria.Stephens@example.com,Maria Stephens,"Toronto, Canada",798-578-4631,1,1,0
997,Sam.Arias@example.com,Sam Arias,"Chicago, USA",415-467-1137,0,1,0
998,Fatimah.Johns@example.com,Fatimah Johns,"London, United Kingdom",520-433-7411,0,1,0
999,Ada.Reid@example.com,Ada Reid,"Chicago, USA",958-944-9616,1,1,1
1000,Simeon.Mccall@example.com,Simeon Mccall,"San Francisco, USA",135-125-7738,1,0,1
